{
  "count": 43, 
  "results": [
    {
      "id": 1, 
      "text": "RT @IndieWire: #HiddenFigures has earned $119.4 million; it passes \"La La Land\" to be the year's highest grossing Oscar nominee\u2026 ", 
      "user_location": null, 
      "coordinates": null
    }, 
    {
      "id": 2, 
      "text": "Why wasn't he the bachelor tho https://t.co/LMj1QCjimU", 
      "user_location": null, 
      "coordinates": null
    }, 
    {
      "id": 3, 
      "text": "RT @ComicBookNOW: THE WALKING DEAD: GREG NICOTERO Teases Epic New Animal Friend For DARYL DIXON! https://t.co/lVSy9s7bPh https://t.co/fMDLS\u2026", 
      "user_location": "private location", 
      "coordinates": null
    }, 
    {
      "id": 4, 
      "text": "RT @xgossiprada: I don't get the obsession with wanting barb back on stranger things she was in like three scenes and was boring as hell", 
      "user_location": "tweet me pictures of ur sky ", 
      "coordinates": null
    }, 
    {
      "id": 5, 
      "text": "RT @sipsipriscila: soooo we really have to wait till halloween for season 2 of stranger things??? WHYYYYYY", 
      "user_location": "90210 ", 
      "coordinates": null
    }, 
    {
      "id": 6, 
      "text": "RT @Calum5SOS: Just started breaking bad...", 
      "user_location": "nyc", 
      "coordinates": null
    }, 
    {
      "id": 7, 
      "text": "I hate waking up on Tuesday when I fell asleep during the Bachelor. So disappointing.", 
      "user_location": "California, USA", 
      "coordinates": null
    }, 
    {
      "id": 8, 
      "text": "RT @girlposts: me watching the stranger things 2 trailer https://t.co/j0BM2s4Ojq", 
      "user_location": "My 2nd &3rd bf are Alicia&Ella", 
      "coordinates": null
    }, 
    {
      "id": 9, 
      "text": "I liked a @YouTube video from @trevschan2 https://t.co/uQjEVisKeP The Walking Dead Season 7 Mid-Season Premiere - Hype Scale!", 
      "user_location": "Michigan", 
      "coordinates": null
    }, 
    {
      "id": 10, 
      "text": "RT @Calum5SOS: Just started breaking bad...", 
      "user_location": "Amsterdam, Nederland", 
      "coordinates": null
    }, 
    {
      "id": 11, 
      "text": "RT @AmazingPhil: brb going into hibernation until Halloween so I can watch Stranger Things 2 \ud83d\ude43", 
      "user_location": null, 
      "coordinates": null
    }, 
    {
      "id": 12, 
      "text": "Hidden Figures was FAKE #Hope and distorted truth the real people said it in an interviews.....the bathroom thing=\u2026 https://t.co/JrV6q1pKjk", 
      "user_location": "Equality,Education,Justice", 
      "coordinates": null
    }, 
    {
      "id": 13, 
      "text": "RT @bestmstaker: @AVotesStats pretty Little Liars #sidetoside #BestMusicvideo #iHeartAwards", 
      "user_location": "Honeymoon avenue ", 
      "coordinates": null
    }, 
    {
      "id": 14, 
      "text": "RT @sivanempire: the stranger things kids reacting to the season 2 trailer during the superbowl is the purest thing you'll ever see https:/\u2026", 
      "user_location": "LA", 
      "coordinates": null
    }, 
    {
      "id": 15, 
      "text": "RT @Calum5SOS: Just started breaking bad...", 
      "user_location": "ashton's ass", 
      "coordinates": null
    }, 
    {
      "id": 16, 
      "text": "RT @IndieWire: #HiddenFigures has earned $119.4 million; it passes \"La La Land\" to be the year's highest grossing Oscar nominee\u2026 ", 
      "user_location": null, 
      "coordinates": null
    }, 
    {
      "id": 17, 
      "text": "RT @filmsthetic: 33. pretty little liars\n4 friends band together against an anonymous foe threatening to reveal their darkest secrets https\u2026", 
      "user_location": "Toronto, Ontario, CANADA", 
      "coordinates": null
    }, 
    {
      "id": 18, 
      "text": "RT @WalkinDeadReact: when you remember the walking dead isn't on tonight https://t.co/Hb25SlA9Co", 
      "user_location": "Stourbridge", 
      "coordinates": null
    }, 
    {
      "id": 19, 
      "text": "RT @AstrologyOnIy: the signs as the walking dead characters\n\npisces \u2653\ufe0f \u2022 beth https://t.co/Dxz5qQRvVQ", 
      "user_location": " ", 
      "coordinates": null
    }, 
    {
      "id": 20, 
      "text": "RT @KarimyScreamy: If you guys can tell me what I love about Stranger Things I will follow you right now!", 
      "user_location": "221B Baker Street", 
      "coordinates": null
    }, 
    {
      "id": 21, 
      "text": "RT @sivanempire: the stranger things kids reacting to the season 2 trailer during the superbowl is the purest thing you'll ever see https:/\u2026", 
      "user_location": "VA", 
      "coordinates": null
    }, 
    {
      "id": 22, 
      "text": "RT @mtvjoey: The Simpsons predicted it, so just wait on it... https://t.co/vdOEwcDSsb", 
      "user_location": "Liverpool, England", 
      "coordinates": null
    }, 
    {
      "id": 23, 
      "text": "RT @AnXaniety: The Simpsons predicted it, so just wait on it https://t.co/J48T3YAfWc", 
      "user_location": null, 
      "coordinates": null
    }, 
    {
      "id": 24, 
      "text": "RT @TweetLikeAGirI: I'M SO EXCITED FOR STRANGER THINGS SEASON 2 https://t.co/CY8jPEh5qu", 
      "user_location": null, 
      "coordinates": null
    }, 
    {
      "id": 25, 
      "text": "RT @xserrano9: La La Land exceeded my (high) expectations. At the same level as whiplash. Maybe it's me that I love Jazz \ud83e\udd14", 
      "user_location": "Griechenland", 
      "coordinates": null
    }, 
    {
      "id": 26, 
      "text": "RT @netflixthings: SAIU! Novo teaser da 2 temporada de Stranger Things! STRANGER THINGS TEASER TONIGHT https://t.co/s4ze2h1HPU", 
      "user_location": "asgard", 
      "coordinates": null
    }, 
    {
      "id": 27, 
      "text": "RT @girlposts: me watching the stranger things 2 trailer https://t.co/j0BM2s4Ojq", 
      "user_location": "El Paso, TX", 
      "coordinates": null
    }, 
    {
      "id": 28, 
      "text": "RT @frankieboyle: Got a choice of afternoon movie here people. Trainspotting 2 or La La Land. Bear in mind I hate jazz and Edinburgh.", 
      "user_location": "Gainsborough, Lincolnshire", 
      "coordinates": null
    }, 
    {
      "id": 29, 
      "text": "RT @Jonbuckhouse: Everyone prepare yourself for the return of The Walking Dead this Sunday at 9/8c on AMC! #AMC #TWD #TheWalkingDead\u2026 ", 
      "user_location": "Georgia", 
      "coordinates": null
    }, 
    {
      "id": 30, 
      "text": "RT @IndieWire: #HiddenFigures has earned $119.4 million; it passes \"La La Land\" to be the year's highest grossing Oscar nominee\u2026 ", 
      "user_location": "drama club|| lizzie olsen af.", 
      "coordinates": null
    }, 
    {
      "id": 31, 
      "text": "RT @AstrologyOnIy: the signs as the walking dead characters\n\nscorpio \u264f\ufe0f \u2022 daryl https://t.co/tm02ugBfdl", 
      "user_location": "France", 
      "coordinates": null
    }, 
    {
      "id": 32, 
      "text": "RT @bmaLmadA: La La Land's soundtrack is GOLD", 
      "user_location": "feminist yo", 
      "coordinates": null
    }, 
    {
      "id": 33, 
      "text": "RT @AnXaniety: The Simpsons predicted it, so just wait on it https://t.co/J48T3YAfWc", 
      "user_location": null, 
      "coordinates": null
    }, 
    {
      "id": 34, 
      "text": "RT @King_Shantzy: Idk if I can wait till October for Stranger Things \ud83d\ude2d", 
      "user_location": null, 
      "coordinates": null
    }, 
    {
      "id": 35, 
      "text": "Fact: we are 2 different actors both westworld-he sells deodorant &amp; I sell candy. It's time we\u2026 https://t.co/dM9dozgqfg", 
      "user_location": null, 
      "coordinates": null
    }, 
    {
      "id": 36, 
      "text": "RT @frankieboyle: Got a choice of afternoon movie here people. Trainspotting 2 or La La Land. Bear in mind I hate jazz and Edinburgh.", 
      "user_location": "Inverness, Scotland", 
      "coordinates": null
    }, 
    {
      "id": 37, 
      "text": "RT @CauseWereGuys: The Simpsons haven't missed a prediction yet!! Let's see how this one plays out \ud83d\ude02\ud83d\ude02 https://t.co/NHrymuycDc", 
      "user_location": null, 
      "coordinates": null
    }, 
    {
      "id": 38, 
      "text": "THE O'REILLY FACTOR 2/6/17 | Fox News | February 6, 2017 https://t.co/0zTEJrgePx via @YouTube", 
      "user_location": "Illinois, USA", 
      "coordinates": null
    }, 
    {
      "id": 39, 
      "text": "RT @Calum5SOS: Just started breaking bad...", 
      "user_location": null, 
      "coordinates": null
    }, 
    {
      "id": 40, 
      "text": "RT @MissOlaOfficial: So The Simpsons are predicting the future? Bet. https://t.co/sscvT8GPvz", 
      "user_location": null, 
      "coordinates": null
    }, 
    {
      "id": 41, 
      "text": "RT @IndieWire: #HiddenFigures has earned $119.4 million; it passes \"La La Land\" to be the year's highest grossing Oscar nominee\u2026 ", 
      "user_location": null, 
      "coordinates": null
    }, 
    {
      "id": 42, 
      "text": "RT @RealJeremyJ: The Simpsons predicted it, so just wait on it https://t.co/p9Yc6R3H3S", 
      "user_location": "murder mitten", 
      "coordinates": null
    }, 
    {
      "id": 43, 
      "text": "RT @PapetheGreat: Stranger Things 2........... I'm so excited", 
      "user_location": "spicy collins", 
      "coordinates": null
    }
  ], 
  "meta": {}
}