{
  "count": 16, 
  "results": [
    {
      "id": 1, 
      "text": "RT @1Lcampesino: Wow incredible the Simpsons predicted the Betsy DeVos confirmation years before it happened https://t.co/U6hEdI3TMh", 
      "user_location": "Boston, MA", 
      "coordinates": null
    }, 
    {
      "id": 2, 
      "text": "The success of Hidden Figures is probably of the reasons why this thing got green lit It's not a racial thing; it's a business thing.", 
      "user_location": "Saint Albans, England", 
      "coordinates": null
    }, 
    {
      "id": 3, 
      "text": "David tiene una gorra de The Walking Dead", 
      "user_location": "Santa Elena, Entre Rios", 
      "coordinates": null
    }, 
    {
      "id": 4, 
      "text": "They arrived.  Can't wait to read these two: Hidden Figures and High Calling. \ud83e\udd13 https://t.co/vOsumestKs", 
      "user_location": "Planet Earth", 
      "coordinates": null
    }, 
    {
      "id": 5, 
      "text": "[37] The Walking Dead: A New Frontier hits retail stores on February 28 #realtime https://t.co/jUBQgNT8Yi https://t.co/xpT1YBvFbA", 
      "user_location": "Born in sunny California", 
      "coordinates": null
    }, 
    {
      "id": 6, 
      "text": "Telltale's The Walking Dead: A New Frontier Retail \n\nEpisodio 3 https://t.co/WnX34p7OQw", 
      "user_location": "Mexico, ME", 
      "coordinates": null
    }, 
    {
      "id": 7, 
      "text": "RT @BlackToLive: 'Hidden Figures' has now earned more money in the U.S. than 'La La Land' https://t.co/tcbF9iCavu", 
      "user_location": null, 
      "coordinates": null
    }, 
    {
      "id": 8, 
      "text": "RT @BlackToLive: 'Hidden Figures' has now earned more money in the U.S. than 'La La Land' https://t.co/tcbF9iCavu", 
      "user_location": null, 
      "coordinates": null
    }, 
    {
      "id": 9, 
      "text": "RT @billyeichner: PUT THE STRANGER THINGS KIDS ON THE SUPREME COURT", 
      "user_location": null, 
      "coordinates": null
    }, 
    {
      "id": 10, 
      "text": "RT @jaureonme: 17. daryl e carol (the walking dead) https://t.co/obXqht0zwt", 
      "user_location": "metallic slipknot led zeppelin", 
      "coordinates": null
    }, 
    {
      "id": 11, 
      "text": "RT @GoddessCru: @MorganJerkins Basically white women after Hidden Figures, to he honest. https://t.co/HGg7gQqJt5", 
      "user_location": null, 
      "coordinates": null
    }, 
    {
      "id": 12, 
      "text": "RT @BlackToLive: 'Hidden Figures' has now earned more money in the U.S. than 'La La Land' https://t.co/tcbF9iCavu", 
      "user_location": "Los Angeles", 
      "coordinates": null
    }, 
    {
      "id": 13, 
      "text": "RT @BlackToLive: 'Hidden Figures' has now earned more money in the U.S. than 'La La Land' https://t.co/tcbF9iCavu", 
      "user_location": "Los Angeles", 
      "coordinates": null
    }, 
    {
      "id": 14, 
      "text": "Can't believe Scotts watched 8 episodes of breaking bad without me \ud83d\ude3e", 
      "user_location": "Derby/Nottingham ", 
      "coordinates": null
    }, 
    {
      "id": 15, 
      "text": "RT @billyeichner: PUT THE STRANGER THINGS KIDS ON THE SUPREME COURT", 
      "user_location": "4th Street & Broadway", 
      "coordinates": null
    }, 
    {
      "id": 16, 
      "text": "RT @ComicBookNOW: New STRANGER THINGS SEASON 2 character &amp; plot details revealed! https://t.co/1Riz1B6iLA https://t.co/cwdC5fNMiG", 
      "user_location": "St.Albert", 
      "coordinates": null
    }
  ], 
  "meta": {}
}