{
  "count": 150, 
  "results": [
    {
      "id": 1, 
      "text": "RT @Mydar: The Simpsons predicted it, so just wait on it. https://t.co/nkq4xepsWC", 
      "user_location": " 17 | JohoreBahru ", 
      "coordinates": null
    }, 
    {
      "id": 2, 
      "text": "RT @WisdomReaction: The Simpsons haven't missed a prediction yet!! Let's see how this one plays out \ud83d\ude02\ud83d\ude02 https://t.co/iUlm6ZeXjK", 
      "user_location": "livin life", 
      "coordinates": null
    }, 
    {
      "id": 3, 
      "text": "RT @1Lcampesino: Wow incredible the Simpsons predicted the Betsy DeVos confirmation years before it happened https://t.co/U6hEdI3TMh", 
      "user_location": null, 
      "coordinates": null
    }, 
    {
      "id": 4, 
      "text": "RT @ohhellojon: S T R A N G E R B O Y\nstarboy X stranger things \n@theweeknd https://t.co/sIMxMxDzsq", 
      "user_location": null, 
      "coordinates": null
    }, 
    {
      "id": 5, 
      "text": "RT @1Lcampesino: Wow incredible the Simpsons predicted the Betsy DeVos confirmation years before it happened https://t.co/U6hEdI3TMh", 
      "user_location": null, 
      "coordinates": null
    }, 
    {
      "id": 6, 
      "text": "RT @Crystal1Johnson: #HiddenFigures has earned $119.4 million; it passes \"La La Land\" to be the year's highest grossing Oscar nominee https\u2026", 
      "user_location": "Miami/ Cape coral ", 
      "coordinates": null
    }, 
    {
      "id": 7, 
      "text": "RT @eriiika101: STRANGER THINGS\ud83d\ude0d\ud83d\ude29\ud83d\ude2d\ud83d\ude2d\ud83d\ude2d https://t.co/JpIKuQkInA", 
      "user_location": null, 
      "coordinates": null
    }, 
    {
      "id": 8, 
      "text": "RT @ohhellojon: S T R A N G E R B O Y\nstarboy X stranger things \n@theweeknd https://t.co/sIMxMxDzsq", 
      "user_location": null, 
      "coordinates": null
    }, 
    {
      "id": 9, 
      "text": "RT @ohhellojon: S T R A N G E R B O Y\nstarboy X stranger things \n@theweeknd https://t.co/sIMxMxDzsq", 
      "user_location": null, 
      "coordinates": null
    }, 
    {
      "id": 10, 
      "text": "Alex Steen with the mention in Manchester By The Sea. @Steener20", 
      "user_location": null, 
      "coordinates": null
    }, 
    {
      "id": 11, 
      "text": "RT @MsSamanthaMay: Breaking Bad and Fresh Prince are the best shows of all time", 
      "user_location": "38 Abd AlHay Hegazi, Nasr City", 
      "coordinates": null
    }, 
    {
      "id": 12, 
      "text": "@PickYourAnswer the 55% that voted for TWD have never seen Breaking Bad (which is way better)", 
      "user_location": "Hell", 
      "coordinates": null
    }, 
    {
      "id": 13, 
      "text": "RT @ohhellojon: S T R A N G E R B O Y\nstarboy X stranger things \n@theweeknd https://t.co/sIMxMxDzsq", 
      "user_location": null, 
      "coordinates": null
    }, 
    {
      "id": 14, 
      "text": "RT @ohhellojon: S T R A N G E R B O Y\nstarboy X stranger things \n@theweeknd https://t.co/sIMxMxDzsq", 
      "user_location": "Chile", 
      "coordinates": null
    }, 
    {
      "id": 15, 
      "text": "RT @ohhellojon: S T R A N G E R B O Y\nstarboy X stranger things \n@theweeknd https://t.co/sIMxMxDzsq", 
      "user_location": "klamath,ca", 
      "coordinates": null
    }, 
    {
      "id": 16, 
      "text": "RT @1Lcampesino: Wow incredible the Simpsons predicted the Betsy DeVos confirmation years before it happened https://t.co/U6hEdI3TMh", 
      "user_location": null, 
      "coordinates": null
    }, 
    {
      "id": 17, 
      "text": "RT @Calum5SOS: Just started breaking bad...", 
      "user_location": "Nebraska, USA", 
      "coordinates": null
    }, 
    {
      "id": 18, 
      "text": "RT @JonCozart: My sister didn't \"get\" La La Land so I'm not gonna \"get\" her a birthday present", 
      "user_location": "Puerto Rico - UPRRP", 
      "coordinates": null
    }, 
    {
      "id": 19, 
      "text": "RT @ohhellojon: S T R A N G E R B O Y\nstarboy X stranger things \n@theweeknd https://t.co/sIMxMxDzsq", 
      "user_location": null, 
      "coordinates": null
    }, 
    {
      "id": 20, 
      "text": "RT @WORIDSTARHIPH0P: The Simpsons haven't missed a prediction yet!! Let's see how this one plays out \ud83d\ude02\ud83d\ude02 https://t.co/1eWFaTFQOd", 
      "user_location": null, 
      "coordinates": null
    }, 
    {
      "id": 21, 
      "text": "Join us @ https://t.co/kNFVI278dH for the high energy Hick@Nite News from all over the galaxy! #westworld #DoctorWho #starwars #trek &amp; more!", 
      "user_location": null, 
      "coordinates": null
    }, 
    {
      "id": 22, 
      "text": "RT @ohhellojon: S T R A N G E R B O Y\nstarboy X stranger things \n@theweeknd https://t.co/sIMxMxDzsq", 
      "user_location": "San Junipero", 
      "coordinates": null
    }, 
    {
      "id": 23, 
      "text": "TIL The Simpsons figured out Higgs Boson (aka the God particle) 14 years before scientists #todayilearned #til", 
      "user_location": "British Columbia, Canada", 
      "coordinates": null
    }, 
    {
      "id": 24, 
      "text": "RT @1Lcampesino: Wow incredible the Simpsons predicted the Betsy DeVos confirmation years before it happened https://t.co/U6hEdI3TMh", 
      "user_location": null, 
      "coordinates": null
    }, 
    {
      "id": 25, 
      "text": "RT @ohhellojon: S T R A N G E R B O Y\nstarboy X stranger things \n@theweeknd https://t.co/sIMxMxDzsq", 
      "user_location": "Throwing chanclas @ monse", 
      "coordinates": null
    }, 
    {
      "id": 26, 
      "text": "RT @Crystal1Johnson: #HiddenFigures has earned $119.4 million; it passes \"La La Land\" to be the year's highest grossing Oscar nominee https\u2026", 
      "user_location": "Pablo", 
      "coordinates": null
    }, 
    {
      "id": 27, 
      "text": "I haven't watched La La Land ):", 
      "user_location": "Colton , California ", 
      "coordinates": null
    }, 
    {
      "id": 28, 
      "text": "RT @KardashianReact: Me seeing the Stranger Things 2 trailer https://t.co/Ivromiu2EC", 
      "user_location": null, 
      "coordinates": null
    }, 
    {
      "id": 29, 
      "text": "Jugar werewolf con el soundtrack de stranger things &gt;&gt;&gt;&gt;&gt;&gt;", 
      "user_location": "Panam\u00e1", 
      "coordinates": null
    }, 
    {
      "id": 30, 
      "text": "*in 18 years*\n\npreviously on pretty little liars", 
      "user_location": "abyss", 
      "coordinates": null
    }, 
    {
      "id": 31, 
      "text": "RT @ohhellojon: S T R A N G E R B O Y\nstarboy X stranger things \n@theweeknd https://t.co/sIMxMxDzsq", 
      "user_location": "viva las vegas", 
      "coordinates": null
    }, 
    {
      "id": 32, 
      "text": "RT @1Lcampesino: Wow incredible the Simpsons predicted the Betsy DeVos confirmation years before it happened https://t.co/U6hEdI3TMh", 
      "user_location": "Collegeville, PA", 
      "coordinates": null
    }, 
    {
      "id": 33, 
      "text": "RT @WORIDSTARHIPH0P: The Simpsons haven't missed a prediction yet!! Let's see how this one plays out \ud83d\ude02\ud83d\ude02 https://t.co/1eWFaTFQOd", 
      "user_location": null, 
      "coordinates": null
    }, 
    {
      "id": 34, 
      "text": "RT @ohhellojon: S T R A N G E R B O Y\nstarboy X stranger things \n@theweeknd https://t.co/sIMxMxDzsq", 
      "user_location": null, 
      "coordinates": null
    }, 
    {
      "id": 35, 
      "text": "RT @1Lcampesino: Wow incredible the Simpsons predicted the Betsy DeVos confirmation years before it happened https://t.co/U6hEdI3TMh", 
      "user_location": "Notre Dame, IN", 
      "coordinates": null
    }, 
    {
      "id": 36, 
      "text": "RT @ohhellojon: S T R A N G E R B O Y\nstarboy X stranger things \n@theweeknd https://t.co/sIMxMxDzsq", 
      "user_location": "LV", 
      "coordinates": null
    }, 
    {
      "id": 37, 
      "text": "RT @ohhellojon: S T R A N G E R B O Y\nstarboy X stranger things \n@theweeknd https://t.co/sIMxMxDzsq", 
      "user_location": "Mexico", 
      "coordinates": null
    }, 
    {
      "id": 38, 
      "text": "Apply for the Bachelor of Science (B.S.) in Photography - https://t.co/GTvo3MGsl5 - https://t.co/XXh50eCc6x", 
      "user_location": "Global", 
      "coordinates": null
    }, 
    {
      "id": 39, 
      "text": "Hidden Figures \u2665", 
      "user_location": null, 
      "coordinates": null
    }, 
    {
      "id": 40, 
      "text": "RT @ohhellojon: S T R A N G E R B O Y\nstarboy X stranger things \n@theweeknd https://t.co/sIMxMxDzsq", 
      "user_location": "Los Angeles, CA", 
      "coordinates": null
    }, 
    {
      "id": 41, 
      "text": "I liked a @YouTube video https://t.co/890tMzilbt Hasan the Record - President Trump's De Facto Muslim Travel Ban: The Daily Show", 
      "user_location": null, 
      "coordinates": null
    }, 
    {
      "id": 42, 
      "text": "Stranger Things is good. Really good.", 
      "user_location": "Carbondale, IL", 
      "coordinates": null
    }, 
    {
      "id": 43, 
      "text": "I love Pretty Little Liars #PLL", 
      "user_location": "Chicago, IL", 
      "coordinates": null
    }, 
    {
      "id": 44, 
      "text": "Took my 95 yr old mom to see \"Hidden Figures\"; she said it was the best film she'd seen in a long time &amp; told me to get the DVD ASAP.", 
      "user_location": null, 
      "coordinates": null
    }, 
    {
      "id": 45, 
      "text": "RT @AstrologyOnIy: the signs as the walking dead characters\n\ntaurus \u2649\ufe0f \u2022 michonne https://t.co/hi9rHFUHlD", 
      "user_location": "Richmond, Kentucky", 
      "coordinates": null
    }, 
    {
      "id": 46, 
      "text": "RT @ohhellojon: S T R A N G E R B O Y\nstarboy X stranger things \n@theweeknd https://t.co/sIMxMxDzsq", 
      "user_location": "Out Here", 
      "coordinates": null
    }, 
    {
      "id": 47, 
      "text": "RT @ohhellojon: S T R A N G E R B O Y\nstarboy X stranger things \n@theweeknd https://t.co/sIMxMxDzsq", 
      "user_location": "fortal (as vezes jo\u00e3o pessoa)", 
      "coordinates": null
    }, 
    {
      "id": 48, 
      "text": "RT @kelechnekoff: I heard that in Hidden Figures, there's a scene where Kevin Costner's character tears up the sign to the coloured toilets\u2026", 
      "user_location": "\u26a2", 
      "coordinates": null
    }, 
    {
      "id": 49, 
      "text": "RT @ohhellojon: S T R A N G E R B O Y\nstarboy X stranger things \n@theweeknd https://t.co/sIMxMxDzsq", 
      "user_location": "ovo", 
      "coordinates": null
    }, 
    {
      "id": 50, 
      "text": "RT @1Lcampesino: Wow incredible the Simpsons predicted the Betsy DeVos confirmation years before it happened https://t.co/U6hEdI3TMh", 
      "user_location": "ATL / BUF / DCA / JFK / YZZ", 
      "coordinates": null
    }, 
    {
      "id": 51, 
      "text": "RT @1Lcampesino: Wow incredible the Simpsons predicted the Betsy DeVos confirmation years before it happened https://t.co/U6hEdI3TMh", 
      "user_location": "K C", 
      "coordinates": null
    }, 
    {
      "id": 52, 
      "text": "RT @pllfinale: me before and after watching pretty little liars https://t.co/e2tU6wOXiJ", 
      "user_location": "Rosewood, PA", 
      "coordinates": null
    }, 
    {
      "id": 53, 
      "text": "RT @mtvjoey: The Simpsons predicted it, so just wait on it... https://t.co/vdOEwcDSsb", 
      "user_location": null, 
      "coordinates": null
    }, 
    {
      "id": 54, 
      "text": "Anyone else watch Sneaky Pete?", 
      "user_location": null, 
      "coordinates": null
    }, 
    {
      "id": 55, 
      "text": "RT @ohhellojon: S T R A N G E R B O Y\nstarboy X stranger things \n@theweeknd https://t.co/sIMxMxDzsq", 
      "user_location": null, 
      "coordinates": null
    }, 
    {
      "id": 56, 
      "text": "RT @ohhellojon: S T R A N G E R B O Y\nstarboy X stranger things \n@theweeknd https://t.co/sIMxMxDzsq", 
      "user_location": "Detroit MI ", 
      "coordinates": null
    }, 
    {
      "id": 57, 
      "text": "RT @wayneduecee: I have to wait til Halloween for stranger things season 2 wtfffffffd that's toooooo long", 
      "user_location": "snap:californiaania", 
      "coordinates": null
    }, 
    {
      "id": 58, 
      "text": "The La La Land backlash: why have critics turned on the Oscar favorite? https://t.co/ahbncZF4Z5\u2026 https://t.co/1Xom22rt7o", 
      "user_location": "France", 
      "coordinates": null
    }, 
    {
      "id": 59, 
      "text": "@danieltosh my boyfriend and I watch you like Wiener and that chick watched The Daily Show.", 
      "user_location": "Brooklyn/MA", 
      "coordinates": null
    }, 
    {
      "id": 60, 
      "text": "RT @ohhellojon: S T R A N G E R B O Y\nstarboy X stranger things \n@theweeknd https://t.co/sIMxMxDzsq", 
      "user_location": "moonlight", 
      "coordinates": null
    }, 
    {
      "id": 61, 
      "text": "RT @ohhellojon: S T R A N G E R B O Y\nstarboy X stranger things \n@theweeknd https://t.co/sIMxMxDzsq", 
      "user_location": "Tampa, FL", 
      "coordinates": null
    }, 
    {
      "id": 62, 
      "text": "@arianna_paine @claire_bell12 no i will fight you. la la land deserves the world.", 
      "user_location": "sc: oliviasanders13", 
      "coordinates": null
    }, 
    {
      "id": 63, 
      "text": "stranger things is killing me", 
      "user_location": null, 
      "coordinates": null
    }, 
    {
      "id": 64, 
      "text": "RT @1Lcampesino: Wow incredible the Simpsons predicted the Betsy DeVos confirmation years before it happened https://t.co/U6hEdI3TMh", 
      "user_location": "Starkville, MS", 
      "coordinates": null
    }, 
    {
      "id": 65, 
      "text": "RT @desiireenichole: @okevelyn_ why are you barely watching stranger things \ud83e\udd14", 
      "user_location": "San Antonio, TX", 
      "coordinates": null
    }, 
    {
      "id": 66, 
      "text": "RT @ohhellojon: S T R A N G E R B O Y\nstarboy X stranger things \n@theweeknd https://t.co/sIMxMxDzsq", 
      "user_location": null, 
      "coordinates": null
    }, 
    {
      "id": 67, 
      "text": "RT @carolineframke: On cable news borrowing more from The Daily Show now than the other way around, and Jake Tapper not giving a fuck.  htt\u2026", 
      "user_location": null, 
      "coordinates": null
    }, 
    {
      "id": 68, 
      "text": "RT @ustavobene: high school musical &gt;&gt;&gt;&gt; la la land", 
      "user_location": "2Jhe 521", 
      "coordinates": null
    }, 
    {
      "id": 69, 
      "text": "RT @1Lcampesino: Wow incredible the Simpsons predicted the Betsy DeVos confirmation years before it happened https://t.co/U6hEdI3TMh", 
      "user_location": "Cambridge, MA ", 
      "coordinates": null
    }, 
    {
      "id": 70, 
      "text": "RT @ohhellojon: S T R A N G E R B O Y\nstarboy X stranger things \n@theweeknd https://t.co/sIMxMxDzsq", 
      "user_location": null, 
      "coordinates": null
    }, 
    {
      "id": 71, 
      "text": "RT @ohhellojon: S T R A N G E R B O Y\nstarboy X stranger things \n@theweeknd https://t.co/sIMxMxDzsq", 
      "user_location": null, 
      "coordinates": null
    }, 
    {
      "id": 72, 
      "text": "RT @1Lcampesino: Wow incredible the Simpsons predicted the Betsy DeVos confirmation years before it happened https://t.co/U6hEdI3TMh", 
      "user_location": null, 
      "coordinates": null
    }, 
    {
      "id": 73, 
      "text": "RT @1Lcampesino: Wow incredible the Simpsons predicted the Betsy DeVos confirmation years before it happened https://t.co/U6hEdI3TMh", 
      "user_location": "Pennsylvania, USA", 
      "coordinates": null
    }, 
    {
      "id": 74, 
      "text": "RT @ohhellojon: S T R A N G E R B O Y\nstarboy X stranger things \n@theweeknd https://t.co/sIMxMxDzsq", 
      "user_location": "IA \u2708\ufe0f NC ", 
      "coordinates": null
    }, 
    {
      "id": 75, 
      "text": "RT @mtvjoey: The Simpsons predicted it, so just wait on it... https://t.co/vdOEwcDSsb", 
      "user_location": "CME/MLM.", 
      "coordinates": null
    }, 
    {
      "id": 76, 
      "text": "RT @ohhellojon: S T R A N G E R B O Y\nstarboy X stranger things \n@theweeknd https://t.co/sIMxMxDzsq", 
      "user_location": "Bay Area", 
      "coordinates": null
    }, 
    {
      "id": 77, 
      "text": "i'm just in the mood to rewatch shameless and stranger things i need More", 
      "user_location": "cc\u2122", 
      "coordinates": null
    }, 
    {
      "id": 78, 
      "text": "RT @tbcarolan: La la land is good don't get me wrong but it's no sing street #imnotbias", 
      "user_location": "Xalapa, Veracruz", 
      "coordinates": null
    }, 
    {
      "id": 79, 
      "text": "RT @itzzkait: Wow the simpsons even predicted what would happen after Betsy DeVos won secretary of education https://t.co/5hQa11PikM", 
      "user_location": null, 
      "coordinates": null
    }, 
    {
      "id": 80, 
      "text": "RT @Jonbuckhouse: Everyone prepare yourself for the return of The Walking Dead this Sunday at 9/8c on AMC! #AMC #TWD #TheWalkingDead\u2026 ", 
      "user_location": null, 
      "coordinates": null
    }, 
    {
      "id": 81, 
      "text": "Hot take: \u201cFame\u201d was the original \u201cLa La Land.\u201d #TCMParty", 
      "user_location": "Peoria, IL", 
      "coordinates": "{\"type\": \"Point\", \"coordinates\": [-89.5911565, 40.72975536]}"
    }, 
    {
      "id": 82, 
      "text": "RT @itsjust_JuliaR: Can pretty little liars just come out already !!!$?$?!!bvgftrjdjdhdu", 
      "user_location": "Maryland, USA", 
      "coordinates": null
    }, 
    {
      "id": 83, 
      "text": "RT @HersonHershey: Can't wait for the walking dead to come back on https://t.co/YOwEgGVKJa", 
      "user_location": null, 
      "coordinates": null
    }, 
    {
      "id": 84, 
      "text": "*hums to Stranger Things theme song*", 
      "user_location": null, 
      "coordinates": null
    }, 
    {
      "id": 85, 
      "text": "--her shoulder as the two of them step inside} So, how are you adjusting to NCIS? {\"Oh, fine, fine. Great, actually.--{@FilmBuffDiNozzo}", 
      "user_location": "[RP|NCIS|AU]", 
      "coordinates": null
    }, 
    {
      "id": 86, 
      "text": "RT @AnXaniety: The Simpsons predicted it, so just wait on it https://t.co/J48T3YAfWc", 
      "user_location": null, 
      "coordinates": null
    }, 
    {
      "id": 87, 
      "text": "RT @ohhellojon: S T R A N G E R B O Y\nstarboy X stranger things \n@theweeknd https://t.co/sIMxMxDzsq", 
      "user_location": null, 
      "coordinates": null
    }, 
    {
      "id": 88, 
      "text": "I haven't watched stranger things but I love these kids\ud83d\ude0a https://t.co/ZvmhfWnxUS", 
      "user_location": "Georgia, USA", 
      "coordinates": null
    }, 
    {
      "id": 89, 
      "text": "RT @Crystal1Johnson: #HiddenFigures has earned $119.4 million; it passes \"La La Land\" to be the year's highest grossing Oscar nominee https\u2026", 
      "user_location": null, 
      "coordinates": null
    }, 
    {
      "id": 90, 
      "text": "I think my favourite thing about the bachelor is when there's a two on one and the other girl has to watch them fly off in a helicopter \ud83d\ude02\ud83d\ude02", 
      "user_location": "Nanaimo, British Columbia", 
      "coordinates": null
    }, 
    {
      "id": 91, 
      "text": "RT @1Lcampesino: Wow incredible the Simpsons predicted the Betsy DeVos confirmation years before it happened https://t.co/U6hEdI3TMh", 
      "user_location": "atlanta, ga", 
      "coordinates": null
    }, 
    {
      "id": 92, 
      "text": "RT @UniversalChUK: With it being the month of love, it\u2019s got us thinking\u2026 what if Gibbs was single? \ud83d\udcf1\ud83d\ude09 #NCIS https://t.co/MjBOxKvQf0", 
      "user_location": "Birmingham, England", 
      "coordinates": null
    }, 
    {
      "id": 93, 
      "text": "RT @1Lcampesino: Wow incredible the Simpsons predicted the Betsy DeVos confirmation years before it happened https://t.co/U6hEdI3TMh", 
      "user_location": "Lubbock/Dallas/Tulsa/St. Louis", 
      "coordinates": null
    }, 
    {
      "id": 94, 
      "text": "RT @mtvjoey: The Simpsons predicted it, so just wait on it... https://t.co/vdOEwcDSsb", 
      "user_location": "Dead End", 
      "coordinates": null
    }, 
    {
      "id": 95, 
      "text": "RT @ohhellojon: S T R A N G E R B O Y\nstarboy X stranger things \n@theweeknd https://t.co/sIMxMxDzsq", 
      "user_location": "far far awaysville ", 
      "coordinates": null
    }, 
    {
      "id": 96, 
      "text": "RT @MsSamanthaMay: Breaking Bad and Fresh Prince are the best shows of all time", 
      "user_location": null, 
      "coordinates": null
    }, 
    {
      "id": 97, 
      "text": "RT @mtvjoey: The Simpsons predicted it, so just wait on it... https://t.co/vdOEwcDSsb", 
      "user_location": "Carson, CA", 
      "coordinates": null
    }, 
    {
      "id": 98, 
      "text": "RT @itsSTquotes: me watching the stranger things 2 trailer https://t.co/DoFTa0MiU4", 
      "user_location": null, 
      "coordinates": null
    }, 
    {
      "id": 99, 
      "text": "RT @1Lcampesino: Wow incredible the Simpsons predicted the Betsy DeVos confirmation years before it happened https://t.co/U6hEdI3TMh", 
      "user_location": "Lithonia/Chicago/NewOrleans", 
      "coordinates": null
    }, 
    {
      "id": 100, 
      "text": "What do you think about the movie? \ud83d\ude0d\ud83d\ude0a\n.\n.\n~ City of stars ~ La la land inspired posters\u2026 https://t.co/fSqhQZssaG", 
      "user_location": "Republic of Croatia", 
      "coordinates": null
    }, 
    {
      "id": 101, 
      "text": "RT @_MiteshPatel: The WALKING DEAD aka BHAKTS.\n\nFEKU MODU is losing EVERYWHERE. https://t.co/ATt493ck66", 
      "user_location": "Gujarat, India", 
      "coordinates": null
    }, 
    {
      "id": 102, 
      "text": "RT @mtvjoey: The Simpsons predicted it, so just wait on it... https://t.co/vdOEwcDSsb", 
      "user_location": "Dead End", 
      "coordinates": null
    }, 
    {
      "id": 103, 
      "text": "RT @1Lcampesino: Wow incredible the Simpsons predicted the Betsy DeVos confirmation years before it happened https://t.co/U6hEdI3TMh", 
      "user_location": null, 
      "coordinates": null
    }, 
    {
      "id": 104, 
      "text": "Apply for the Bachelor of Science (B.S.) in Photography - https://t.co/0l8ohxSluD - https://t.co/Q4exfGYRkG", 
      "user_location": "Global", 
      "coordinates": null
    }, 
    {
      "id": 105, 
      "text": "RT @filmagraphy: \"It's pretty strange that we keep running into each other. Maybe it means something.\"\n\nLa La Land (2016) https://t.co/SNcy\u2026", 
      "user_location": null, 
      "coordinates": null
    }, 
    {
      "id": 106, 
      "text": "RT @deIuge: *in 18 years*\n\npreviously on pretty little liars", 
      "user_location": "arcadia gay", 
      "coordinates": null
    }, 
    {
      "id": 107, 
      "text": "RT @mtvjoey: The Simpsons predicted it, so just wait on it... https://t.co/vdOEwcDSsb", 
      "user_location": "Troye & Jenna Marbles follows", 
      "coordinates": null
    }, 
    {
      "id": 108, 
      "text": "RT @Crystal1Johnson: #HiddenFigures has earned $119.4 million; it passes \"La La Land\" to be the year's highest grossing Oscar nominee https\u2026", 
      "user_location": null, 
      "coordinates": null
    }, 
    {
      "id": 109, 
      "text": "RT @ohhellojon: S T R A N G E R B O Y\nstarboy X stranger things \n@theweeknd https://t.co/sIMxMxDzsq", 
      "user_location": "t e n n e s s e e ", 
      "coordinates": null
    }, 
    {
      "id": 110, 
      "text": "RT @_MiteshPatel: The WALKING DEAD aka BHAKTS.\n\nFEKU MODU is losing EVERYWHERE. https://t.co/ATt493ck66", 
      "user_location": "lunawada", 
      "coordinates": null
    }, 
    {
      "id": 111, 
      "text": "RT @AnXaniety: The Simpsons predicted it, so just wait on it https://t.co/J48T3YAfWc", 
      "user_location": null, 
      "coordinates": null
    }, 
    {
      "id": 112, 
      "text": "The Youth Critic episode 79: Westworld https://t.co/GZlt3SLLd3 Thanks to @mikethefilmguy &amp; @jaredputnam for being guest la this week.", 
      "user_location": "Georgia, USA", 
      "coordinates": null
    }, 
    {
      "id": 113, 
      "text": "@Davee_Son The Crown, The Fall, House of Cards, Downtown Abbey y Stranger Things son las mejores \ud83d\udc4d\ud83c\udffc", 
      "user_location": "Ciudad de M\u00e9xico", 
      "coordinates": null
    }, 
    {
      "id": 114, 
      "text": "me: ugh stranger things is so basic i'm like, so over it \n*Stranger Things 2 Trailer comes on*\nme: https://t.co/WyRZdf8eqD", 
      "user_location": "Arlington, VA", 
      "coordinates": null
    }, 
    {
      "id": 115, 
      "text": "RT @filmagraphy: \"It's pretty strange that we keep running into each other. Maybe it means something.\"\n\nLa La Land (2016) https://t.co/SNcy\u2026", 
      "user_location": null, 
      "coordinates": null
    }, 
    {
      "id": 116, 
      "text": "RT @IndieWire: #HiddenFigures has earned $119.4 million; it passes \"La La Land\" to be the year's highest grossing Oscar nominee\u2026 ", 
      "user_location": "In My Skin", 
      "coordinates": null
    }, 
    {
      "id": 117, 
      "text": "RT @itzzkait: Wow the simpsons even predicted what would happen after Betsy DeVos won secretary of education https://t.co/5hQa11PikM", 
      "user_location": "(she/they \u2661 pan/ace)", 
      "coordinates": null
    }, 
    {
      "id": 118, 
      "text": "New Video! And it's my first one on Stranger Things Season Two!\nHope you all like it! #Netflix #StrangerThings \nhttps://t.co/3ID05c1DGL", 
      "user_location": "Chariton, IA", 
      "coordinates": null
    }, 
    {
      "id": 119, 
      "text": "RT @1Lcampesino: Wow incredible the Simpsons predicted the Betsy DeVos confirmation years before it happened https://t.co/U6hEdI3TMh", 
      "user_location": null, 
      "coordinates": null
    }, 
    {
      "id": 120, 
      "text": "honestly don't care to watch the bachelor anymore because no one can top ben higgins", 
      "user_location": null, 
      "coordinates": null
    }, 
    {
      "id": 121, 
      "text": "@kekeagain westworld", 
      "user_location": "T\u00e3o t\u00e3o distante.", 
      "coordinates": null
    }, 
    {
      "id": 122, 
      "text": "RT @Calum5SOS: Just started breaking bad...", 
      "user_location": "Canada", 
      "coordinates": null
    }, 
    {
      "id": 123, 
      "text": "RT @mtvjoey: The Simpsons predicted it, so just wait on it... https://t.co/vdOEwcDSsb", 
      "user_location": null, 
      "coordinates": null
    }, 
    {
      "id": 124, 
      "text": "Catching up on the Bachelor and who tf is Whitney like I've never seen this girl", 
      "user_location": "DP", 
      "coordinates": null
    }, 
    {
      "id": 125, 
      "text": "RT @Crystal1Johnson: #HiddenFigures has earned $119.4 million; it passes \"La La Land\" to be the year's highest grossing Oscar nominee https\u2026", 
      "user_location": null, 
      "coordinates": null
    }, 
    {
      "id": 126, 
      "text": "RT @ohhellojon: S T R A N G E R B O Y\nstarboy X stranger things \n@theweeknd https://t.co/sIMxMxDzsq", 
      "user_location": "Subang Jaya", 
      "coordinates": null
    }, 
    {
      "id": 127, 
      "text": "RT @ohhellojon: S T R A N G E R B O Y\nstarboy X stranger things \n@theweeknd https://t.co/sIMxMxDzsq", 
      "user_location": "971", 
      "coordinates": null
    }, 
    {
      "id": 128, 
      "text": "RT @ohhellojon: S T R A N G E R B O Y\nstarboy X stranger things \n@theweeknd https://t.co/sIMxMxDzsq", 
      "user_location": "so cal", 
      "coordinates": null
    }, 
    {
      "id": 129, 
      "text": "Me with Breaking Bad https://t.co/HGRsLyZz4P", 
      "user_location": null, 
      "coordinates": null
    }, 
    {
      "id": 130, 
      "text": "@omfggjb One Tree Hill, Pretty Little Liars, The Walking Dead, The Fosters, Stranger Things", 
      "user_location": "new york", 
      "coordinates": null
    }, 
    {
      "id": 131, 
      "text": "@omfggjb One Tree Hill, Pretty Little Liars, The Walking Dead, The Fosters, Stranger Things", 
      "user_location": "new york", 
      "coordinates": null
    }, 
    {
      "id": 132, 
      "text": "@omfggjb One Tree Hill, Pretty Little Liars, The Walking Dead, The Fosters, Stranger Things", 
      "user_location": "new york", 
      "coordinates": null
    }, 
    {
      "id": 133, 
      "text": "The horror: Donald Trump\u2019s fear-driven legislation might cost \u2018La La Land\u2019 its best picture award https://t.co/Pv5491l0QZ #breakingnews", 
      "user_location": null, 
      "coordinates": null
    }, 
    {
      "id": 134, 
      "text": "They still make the walking dead?", 
      "user_location": "Kame House", 
      "coordinates": null
    }, 
    {
      "id": 135, 
      "text": "@Mati_Mohni viste? The Walking Dead se puso tremendo", 
      "user_location": "Andr\u00f3meda", 
      "coordinates": null
    }, 
    {
      "id": 136, 
      "text": "RT @ohhellojon: S T R A N G E R B O Y\nstarboy X stranger things \n@theweeknd https://t.co/sIMxMxDzsq", 
      "user_location": "0505", 
      "coordinates": null
    }, 
    {
      "id": 137, 
      "text": "Finally seeing Hidden Figures", 
      "user_location": "Baton Rouge\n", 
      "coordinates": null
    }, 
    {
      "id": 138, 
      "text": "RT @ohhellojon: S T R A N G E R B O Y\nstarboy X stranger things \n@theweeknd https://t.co/sIMxMxDzsq", 
      "user_location": " 6.29.13 8.7 & 8.8.14 9.12.15", 
      "coordinates": null
    }, 
    {
      "id": 139, 
      "text": "RT @1Lcampesino: Wow incredible the Simpsons predicted the Betsy DeVos confirmation years before it happened https://t.co/U6hEdI3TMh", 
      "user_location": "Ohio...and it sucks", 
      "coordinates": null
    }, 
    {
      "id": 140, 
      "text": "@joestarr187 have fun watching the Bachelor and get some rest", 
      "user_location": "Pennsylvania, USA", 
      "coordinates": null
    }, 
    {
      "id": 141, 
      "text": "RT @1Lcampesino: Wow incredible the Simpsons predicted the Betsy DeVos confirmation years before it happened https://t.co/U6hEdI3TMh", 
      "user_location": "Teaneck, NJ", 
      "coordinates": null
    }, 
    {
      "id": 142, 
      "text": "Late to the game but Stranger Things has me STRESSED", 
      "user_location": null, 
      "coordinates": null
    }, 
    {
      "id": 143, 
      "text": "RT @girlposts: me watching the stranger things 2 trailer https://t.co/j0BM2s4Ojq", 
      "user_location": "Houston, TX", 
      "coordinates": null
    }, 
    {
      "id": 144, 
      "text": "#RevHumanShows: Stranger Things Season 1 Episode 1 \"The Vanishing of Will Byers\" Review vi\u2026 https://t.co/NpeNAoGbjZ https://t.co/LmsDyKKZZ3", 
      "user_location": "Mumbai, India", 
      "coordinates": null
    }, 
    {
      "id": 145, 
      "text": "RT @ohhellojon: S T R A N G E R B O Y\nstarboy X stranger things \n@theweeknd https://t.co/sIMxMxDzsq", 
      "user_location": null, 
      "coordinates": null
    }, 
    {
      "id": 146, 
      "text": "RT @Crystal1Johnson: #HiddenFigures has earned $119.4 million; it passes \"La La Land\" to be the year's highest grossing Oscar nominee https\u2026", 
      "user_location": null, 
      "coordinates": null
    }, 
    {
      "id": 147, 
      "text": "Is Steve Bannon the Real President?-The Daily Show with Trevor Noah - Video Clip | Comedy Central https://t.co/9h6Xt6RtBO", 
      "user_location": null, 
      "coordinates": null
    }, 
    {
      "id": 148, 
      "text": "RT @1Lcampesino: Wow incredible the Simpsons predicted the Betsy DeVos confirmation years before it happened https://t.co/U6hEdI3TMh", 
      "user_location": null, 
      "coordinates": null
    }, 
    {
      "id": 149, 
      "text": "RT @TheBossGirls: me watching the stranger things 2 trailer https://t.co/MJaxiCyo7U", 
      "user_location": null, 
      "coordinates": null
    }, 
    {
      "id": 150, 
      "text": "RT @ohhellojon: S T R A N G E R B O Y\nstarboy X stranger things \n@theweeknd https://t.co/sIMxMxDzsq", 
      "user_location": null, 
      "coordinates": null
    }
  ], 
  "meta": {}
}