{
  "count": 12, 
  "results": [
    {
      "id": 1, 
      "text": "RT @helenasbby: cause of death: Sarah Paulson dancing with the stranger things cast https://t.co/uZjf9D2frX", 
      "user_location": null, 
      "coordinates": null
    }, 
    {
      "id": 2, 
      "text": "RT @Dakoholics: New Pictures of Dakota on \"The Tonight Show Starring Jimmy Fallon\" - January 31 #DakotaJohnson #Dakoholics https://t.co/gG7\u2026", 
      "user_location": "Argentina", 
      "coordinates": null
    }, 
    {
      "id": 3, 
      "text": "Finally watched yesterday's episode of the bachelor and so happy with who went home", 
      "user_location": "San Jose, CA", 
      "coordinates": null
    }, 
    {
      "id": 4, 
      "text": "RT @cocoabutterbf: These Little Girls Rocked \"Hidden Figures\" Costumes, And It Will Give You Life https://t.co/5NPq0KQ1U4 via @tepous https\u2026", 
      "user_location": "Stevenson20", 
      "coordinates": null
    }, 
    {
      "id": 5, 
      "text": "@tordoitnb Qualquer pessoa do Cast de Teen Wolf, The walking dead ou PLL", 
      "user_location": "\u2661 Filha de Yucy \u2661", 
      "coordinates": null
    }, 
    {
      "id": 6, 
      "text": "i just saw la la land im crying in the club", 
      "user_location": "sha-da-dee-da-dum", 
      "coordinates": null
    }, 
    {
      "id": 7, 
      "text": "The Daily Show - Welcome to President Trump's Reality https://t.co/C469RizA0C via @YouTube", 
      "user_location": null, 
      "coordinates": null
    }, 
    {
      "id": 8, 
      "text": "RT @StarWarsAlerts: Stranger Things placeholders @ HotTopic\n\nBarb\nhttps://t.co/tI9ZoA2X7o\n\nMike\nhttps://t.co/SyTAggQ9Yu\n\nDustin\u2026 ", 
      "user_location": null, 
      "coordinates": null
    }, 
    {
      "id": 9, 
      "text": "RT @Dakoholics: New Pictures of Dakota on \"The Tonight Show Starring Jimmy Fallon\" - January 31 #DakotaJohnson #Dakoholics https://t.co/gG7\u2026", 
      "user_location": null, 
      "coordinates": null
    }, 
    {
      "id": 10, 
      "text": "Trump's treating it more like \"The Bachelor\". I expect him to hand out a rose #NotARealityShowDumbass https://t.co/tYK3OE9gMl", 
      "user_location": "Texas ", 
      "coordinates": null
    }, 
    {
      "id": 11, 
      "text": "#SocialMedia #DigitalMarketing Trump to turn Supreme Court nomination into 'The Bachelor' on Facebook Live https://t.co/2zLwUXNqAc", 
      "user_location": "London, England", 
      "coordinates": null
    }, 
    {
      "id": 12, 
      "text": "raven and rachel are my favorite on the bachelor right now", 
      "user_location": null, 
      "coordinates": null
    }
  ], 
  "meta": {}
}