{
  "count": 44, 
  "results": [
    {
      "id": 1, 
      "text": "Stormy new evil looms in 'Stranger Things 2' trailer - CNET https://t.co/xQMVPlabzK https://t.co/SxmZ6PxqP6", 
      "user_location": "Whitby, Ontario, Canada", 
      "coordinates": null
    }, 
    {
      "id": 2, 
      "text": "RT @CommonWhiteGirI: the new Stranger Things commercial looks so good!!! https://t.co/9cWLOhLlbx", 
      "user_location": "massachusetts", 
      "coordinates": null
    }, 
    {
      "id": 3, 
      "text": "The Walking Dead fan favourite to be killed off? 'There's going to be bloodshed' https://t.co/zW1yVspEsX", 
      "user_location": "Lincoln", 
      "coordinates": null
    }, 
    {
      "id": 4, 
      "text": "@TheMercenarian lol MBTS is better than La La Land", 
      "user_location": "Dickleburgh, England", 
      "coordinates": null
    }, 
    {
      "id": 5, 
      "text": "RT @itsdougthepug: Stranger Pugs &gt; Stranger Things https://t.co/l0D0S2pDs7", 
      "user_location": null, 
      "coordinates": null
    }, 
    {
      "id": 6, 
      "text": "RT @katysprry: ezra fitzgeralds || pretty little liars https://t.co/LkSwrNaGN9", 
      "user_location": "oned\u00b7zm\u00b7lm\u00b75h\u00b7sg\u00b7dl\u00b7jb\u00b7ag +5", 
      "coordinates": null
    }, 
    {
      "id": 7, 
      "text": "RT @IndieWire: #HiddenFigures has earned $119.4 million; it passes \"La La Land\" to be the year's highest grossing Oscar nominee\u2026 ", 
      "user_location": "Milwaukee, WI", 
      "coordinates": null
    }, 
    {
      "id": 8, 
      "text": "RT @lnfosSeriesFR: Photos promotionnelles pour le 7.09 de The Walking Dead. #2 https://t.co/hbU9nJOnKm", 
      "user_location": null, 
      "coordinates": null
    }, 
    {
      "id": 9, 
      "text": "RT @vinehumor: STRANGER THINGS SEASON 2 TRAILER, YOU'RE WELCOME https://t.co/tEFw8UcT98", 
      "user_location": "United Kingdom", 
      "coordinates": null
    }, 
    {
      "id": 10, 
      "text": "RT @Dory: the new Stranger Things commercial looks so good!!! https://t.co/Pp6D2wxnlt", 
      "user_location": null, 
      "coordinates": null
    }, 
    {
      "id": 11, 
      "text": "Yoooo the walking dead is returning this Sunday!! https://t.co/NpFz5E7vqS", 
      "user_location": null, 
      "coordinates": null
    }, 
    {
      "id": 12, 
      "text": "RT @tonygoldwyn: \u201cScott, I really think I have a shot at winning The Bachelor pool this season\u201d- don\u2019t miss the @scottkfoley directe\u2026 ", 
      "user_location": null, 
      "coordinates": null
    }, 
    {
      "id": 13, 
      "text": "I liked a @YouTube video https://t.co/t9dXoqM7xf Westworld Trailer (HBO) - MATURE VERSION", 
      "user_location": "Editor publicit\u00e1rio-web design", 
      "coordinates": null
    }, 
    {
      "id": 14, 
      "text": "RT @KelseaOnTour: Kelsea is \"needing\" a new season of Stranger Things..and we can relate. (@accesshollywood) https://t.co/DJ3K1Njlmh https:\u2026", 
      "user_location": "ts hh ac kb cc 5h sw mcu", 
      "coordinates": null
    }, 
    {
      "id": 15, 
      "text": "RT @HuffingtonPost: \"Hidden Figures\" has now earned more money in the U.S. than \"La La Land\" https://t.co/JgHkeOLNee https://t.co/UjJQHSB3sg", 
      "user_location": null, 
      "coordinates": null
    }, 
    {
      "id": 16, 
      "text": "RT @HuffingtonPost: \"Hidden Figures\" has now earned more money in the U.S. than \"La La Land\" https://t.co/JgHkeOLNee https://t.co/UjJQHSB3sg", 
      "user_location": null, 
      "coordinates": null
    }, 
    {
      "id": 17, 
      "text": "RT @Dory: the new Stranger Things commercial looks so good!!! https://t.co/Pp6D2wxnlt", 
      "user_location": null, 
      "coordinates": null
    }, 
    {
      "id": 18, 
      "text": "RT @whittingham96: NEW STILLS FROM SEASON 2 OF STRANGER THINGS !!!! https://t.co/1wAPX5Rnxa", 
      "user_location": null, 
      "coordinates": null
    }, 
    {
      "id": 19, 
      "text": "RT @SoDamnTrue: the new Stranger Things commercial looks so good!!! https://t.co/8pjnIr6SEk", 
      "user_location": "Dorado City", 
      "coordinates": null
    }, 
    {
      "id": 20, 
      "text": "RT @Dory: the new Stranger Things commercial looks so good!!! https://t.co/Pp6D2wxnlt", 
      "user_location": "ss, tx", 
      "coordinates": null
    }, 
    {
      "id": 21, 
      "text": "RT @billyeichner: PUT THE STRANGER THINGS KIDS ON THE SUPREME COURT", 
      "user_location": "Pgh", 
      "coordinates": null
    }, 
    {
      "id": 22, 
      "text": "RT @bestofsthings: New stills of season two (stranger things). https://t.co/0gsOLM2cRg", 
      "user_location": "phs", 
      "coordinates": null
    }, 
    {
      "id": 23, 
      "text": "RT @CommonWhiteGirI: the new Stranger Things commercial looks so good!!! https://t.co/9cWLOhLlbx", 
      "user_location": null, 
      "coordinates": null
    }, 
    {
      "id": 24, 
      "text": "RT @illusiongods: La La Land - City of Stars \u2665 https://t.co/Gs4WrJpjP8", 
      "user_location": "Alexandria/Dubai", 
      "coordinates": null
    }, 
    {
      "id": 25, 
      "text": "RT @SheWhoVotes: \u2018Daily Show\u2019s\u2019 Trevor Noah Thanks Nordstrom for Dumping Ivanka Trump  https://t.co/9eZYVw9m01 #BoycottTrump\u2026 ", 
      "user_location": null, 
      "coordinates": null
    }, 
    {
      "id": 26, 
      "text": "I liked a @YouTube video https://t.co/lLDJlHJXCE Eleven\u2019s New Look and Stranger Things Season 2 Details Revealed (Nerdist News w/", 
      "user_location": "Calgary, Alberta", 
      "coordinates": null
    }, 
    {
      "id": 27, 
      "text": "RT @HilariousEdited: the new Stranger Things commercial looks so good!!! https://t.co/XWd4AT3gK8", 
      "user_location": "Tampa, FL", 
      "coordinates": null
    }, 
    {
      "id": 28, 
      "text": "\"I saw la la land and there is a lot of black people\" -text from 14-year-old brother whose phone was apparently stolen by emma stone", 
      "user_location": "Los Angeles, CA", 
      "coordinates": null
    }, 
    {
      "id": 29, 
      "text": "RT @BrittanyFurlan: Wake me up when Stranger Things 2 is released", 
      "user_location": "Taco Bell", 
      "coordinates": null
    }, 
    {
      "id": 30, 
      "text": "RT @HilariousEdited: the new Stranger Things commercial looks so good!!! https://t.co/XWd4AT3gK8", 
      "user_location": "fl", 
      "coordinates": null
    }, 
    {
      "id": 31, 
      "text": "I love Modern Family, as a production, label and clique.", 
      "user_location": "Looking for my Big Bad Wolf!!", 
      "coordinates": null
    }, 
    {
      "id": 32, 
      "text": "RT @SoDamnTrue: the new Stranger Things commercial looks so good!!! https://t.co/8pjnIr6SEk", 
      "user_location": null, 
      "coordinates": null
    }, 
    {
      "id": 33, 
      "text": "RT @billyeichner: PUT THE STRANGER THINGS KIDS ON THE SUPREME COURT", 
      "user_location": "New Port Richey, FL", 
      "coordinates": null
    }, 
    {
      "id": 34, 
      "text": "RT @bestofsthings: New stills of season two (stranger things). https://t.co/0gsOLM2cRg", 
      "user_location": null, 
      "coordinates": null
    }, 
    {
      "id": 35, 
      "text": "\u2018Daily Show\u2019s\u2019 Trevor Noah Thanks Nordstrom for Dumping Ivanka Trump https://t.co/0NwypjoTv8", 
      "user_location": "New York", 
      "coordinates": null
    }, 
    {
      "id": 36, 
      "text": "La la land is a blessing.", 
      "user_location": "Meega nala kweesta-Stitch", 
      "coordinates": null
    }, 
    {
      "id": 37, 
      "text": "@priyankachopra I have another request please never decline a Netflix or an HBO series or TV movie. Look at Stranger Things, who knows", 
      "user_location": null, 
      "coordinates": null
    }, 
    {
      "id": 38, 
      "text": "RT @WestworldGifs: Nevertheless, she persisted. #Westworld https://t.co/E3PbZPzaMO", 
      "user_location": "Melbourne", 
      "coordinates": null
    }, 
    {
      "id": 39, 
      "text": "RT @pmmcc: #BetsyDeVos right now.  #Ralph #Simpsons #Trump  #EducationSecretary https://t.co/DK7bajQK3Z", 
      "user_location": "minneapolis", 
      "coordinates": null
    }, 
    {
      "id": 40, 
      "text": "RT @runtheworId: person: Name a movie musical better than La La Land!\nme: https://t.co/XjuxCH1ppU", 
      "user_location": null, 
      "coordinates": null
    }, 
    {
      "id": 41, 
      "text": "RT @bestofsthings: New stills of season two (stranger things). https://t.co/0gsOLM2cRg", 
      "user_location": "somewhere only we know ", 
      "coordinates": null
    }, 
    {
      "id": 42, 
      "text": "@HaruyukiNeto  #askharu ja assistiu stranger things?", 
      "user_location": null, 
      "coordinates": null
    }, 
    {
      "id": 43, 
      "text": "This iconic Simpsons episode was nearly BANNED from TV\nhttps://t.co/LkLQbegsbE https://t.co/DejKO0G7JA", 
      "user_location": "London", 
      "coordinates": null
    }, 
    {
      "id": 44, 
      "text": "RT @mtvjoey: The Simpsons predicted it, so just wait on it... https://t.co/vdOEwcDSsb", 
      "user_location": null, 
      "coordinates": null
    }
  ], 
  "meta": {}
}