{
  "count": 12, 
  "results": [
    {
      "id": 1, 
      "text": "RT @billyeichner: PUT THE STRANGER THINGS KIDS ON THE SUPREME COURT", 
      "user_location": "560 State Street APT 4B", 
      "coordinates": null
    }, 
    {
      "id": 2, 
      "text": "RT @CINEMAGEMS: \u201cCity of stars, there's so much that I can't see.\u201d\n\nLa La Land (2016) https://t.co/uozFjjANnt", 
      "user_location": "livorno, italy", 
      "coordinates": null
    }, 
    {
      "id": 3, 
      "text": "RT @FallonTonight: Tonight Show GIF of the day https://t.co/17pwAUOXQ1", 
      "user_location": "Chicago, IL", 
      "coordinates": null
    }, 
    {
      "id": 4, 
      "text": "RT @billyeichner: PUT THE STRANGER THINGS KIDS ON THE SUPREME COURT", 
      "user_location": "Chicago, IL ", 
      "coordinates": null
    }, 
    {
      "id": 5, 
      "text": "RT @GoddessCru: @MorganJerkins Basically white women after Hidden Figures, to he honest. https://t.co/HGg7gQqJt5", 
      "user_location": "Winnipeg, Manitoba", 
      "coordinates": null
    }, 
    {
      "id": 6, 
      "text": "RT @SoDamnTrue: the new Stranger Things commercial looks so good!!! https://t.co/8pjnIr6SEk", 
      "user_location": " ", 
      "coordinates": null
    }, 
    {
      "id": 7, 
      "text": "RT @billyeichner: PUT THE STRANGER THINGS KIDS ON THE SUPREME COURT", 
      "user_location": "crucible cast party", 
      "coordinates": null
    }, 
    {
      "id": 8, 
      "text": "#the simpsons free porn 3d adult chat https://t.co/13At4Pxifk", 
      "user_location": "the 80s", 
      "coordinates": null
    }, 
    {
      "id": 9, 
      "text": "RT @DANClNGTO: TYLER DANCING TO STRANGER THINGS THEME SONG https://t.co/HuSfVAPAdt", 
      "user_location": "Campos dos Goytacazes, Brasil", 
      "coordinates": null
    }, 
    {
      "id": 10, 
      "text": "RT @SoDamnTrue: the new Stranger Things commercial looks so good!!! https://t.co/8pjnIr6SEk", 
      "user_location": null, 
      "coordinates": null
    }, 
    {
      "id": 11, 
      "text": "RT @Dory: the new Stranger Things commercial looks so good!!! https://t.co/Pp6D2wxnlt", 
      "user_location": null, 
      "coordinates": null
    }, 
    {
      "id": 12, 
      "text": "RT @usavsarg: USA THE WALKING DEAD DWIGHT vs ARGENTINIAN CHARLIE \"THE PLAYER OF THE PEOPLE\" TEVEZ https://t.co/txTXxGbekO", 
      "user_location": "Villa Ortuzar", 
      "coordinates": null
    }
  ], 
  "meta": {}
}