{
  "count": 399, 
  "results": [
    {
      "id": 1, 
      "text": "RT @KardashianReact: the new Stranger Things commercial looks so good!!! https://t.co/Hnin4iPF0Q", 
      "user_location": null, 
      "coordinates": null
    }, 
    {
      "id": 2, 
      "text": "RT @chanelpuke: the new Stranger Things commercial looks so good!!! https://t.co/NruTSHgJza", 
      "user_location": null, 
      "coordinates": null
    }, 
    {
      "id": 3, 
      "text": "They say Breaking Bad has honored two great movies: Pulp Fiction, and Great China Beans. https://t.co/ynMI8Dykk0", 
      "user_location": "Sohag/Giza", 
      "coordinates": null
    }, 
    {
      "id": 4, 
      "text": "Senator Elizabeth Warren Reacts to Being Silenced: The Daily Show #letlizspeak  https://t.co/tG87IDLH8O", 
      "user_location": "Nyack, NY", 
      "coordinates": null
    }, 
    {
      "id": 5, 
      "text": "RT @PAULROVlA: thread of every scene featuring jesus on the walking dead \ud83c\udf1f", 
      "user_location": null, 
      "coordinates": null
    }, 
    {
      "id": 6, 
      "text": "Ariel Winter - Modern Family Halloween Episode Set Photos - Sept. 2015 https://t.co/IExsdy9ZNm #ArielWinter", 
      "user_location": "Tulsa", 
      "coordinates": null
    }, 
    {
      "id": 7, 
      "text": "RT @HuffingtonPost: \"Hidden Figures\" has now earned more money in the U.S. than \"La La Land\" https://t.co/JgHkeOLNee https://t.co/UjJQHSB3sg", 
      "user_location": "Jakarta", 
      "coordinates": null
    }, 
    {
      "id": 8, 
      "text": "RT @HuffingtonPost: \"Hidden Figures\" has now earned more money in the U.S. than \"La La Land\" https://t.co/JgHkeOLNee https://t.co/UjJQHSB3sg", 
      "user_location": "Jakarta", 
      "coordinates": null
    }, 
    {
      "id": 9, 
      "text": "WHERE'S CLEM!? .:The Walking Dead:. [EP 4] [P4] https://t.co/DCeU8QqTyN via @YouTube\nNEW VIDEO GUYS We're getting to the end guys!", 
      "user_location": "Las Vegas, NV", 
      "coordinates": null
    }, 
    {
      "id": 10, 
      "text": "RT @KardashianReact: the new Stranger Things commercial looks so good!!! https://t.co/Hnin4iPF0Q", 
      "user_location": null, 
      "coordinates": null
    }, 
    {
      "id": 11, 
      "text": "RT @bestofsthings: New stills of season two (stranger things). https://t.co/0gsOLM2cRg", 
      "user_location": " \u0627\u0644\u0639\u0631\u0627\u0642 \u0627\u0644\u0639\u0638\u064a\u0645", 
      "coordinates": null
    }, 
    {
      "id": 12, 
      "text": "RT @KardashianReact: the new Stranger Things commercial looks so good!!! https://t.co/Hnin4iPF0Q", 
      "user_location": null, 
      "coordinates": null
    }, 
    {
      "id": 13, 
      "text": "RT @KardashianReact: the new Stranger Things commercial looks so good!!! https://t.co/Hnin4iPF0Q", 
      "user_location": "Spring Hill, TN", 
      "coordinates": null
    }, 
    {
      "id": 14, 
      "text": "RT @spiritbor3d: when someone talks to me irl all i hear is the stranger things theme song on an infinite loop in my head", 
      "user_location": "scotland", 
      "coordinates": null
    }, 
    {
      "id": 15, 
      "text": "RT @DANClNGTO: TYLER DANCING TO STRANGER THINGS THEME SONG https://t.co/HuSfVAPAdt", 
      "user_location": "co | they/he", 
      "coordinates": null
    }, 
    {
      "id": 16, 
      "text": "RT @SoDamnTrue: the new Stranger Things commercial looks so good!!! https://t.co/8pjnIr6SEk", 
      "user_location": null, 
      "coordinates": null
    }, 
    {
      "id": 17, 
      "text": "The walking dead mid-season premiere sneak-peek Roadblock =&gt;https://t.co/bhYHAaqm5j", 
      "user_location": "London united kingdom", 
      "coordinates": null
    }, 
    {
      "id": 18, 
      "text": "RT @DANClNGTO: TYLER DANCING TO STRANGER THINGS THEME SONG https://t.co/HuSfVAPAdt", 
      "user_location": "luiza, nan, bea nene\u2661 ", 
      "coordinates": null
    }, 
    {
      "id": 19, 
      "text": "RT @KardashianReact: the new Stranger Things commercial looks so good!!! https://t.co/Hnin4iPF0Q", 
      "user_location": "chs", 
      "coordinates": null
    }, 
    {
      "id": 20, 
      "text": "RT @DANClNGTO: TYLER DANCING TO STRANGER THINGS THEME SONG https://t.co/HuSfVAPAdt", 
      "user_location": "cleveand", 
      "coordinates": null
    }, 
    {
      "id": 21, 
      "text": "RT @billyeichner: PUT THE STRANGER THINGS KIDS ON THE SUPREME COURT", 
      "user_location": "Houston Tx", 
      "coordinates": null
    }, 
    {
      "id": 22, 
      "text": "I added a video to a @YouTube playlist https://t.co/vKl57dkJfm The Walking Dead Season 2 - In Harms Way - Part 1", 
      "user_location": null, 
      "coordinates": null
    }, 
    {
      "id": 23, 
      "text": "RT @ANOMALY1: Welcome 2 the La La Land Called @NancyPelosi ! Nancy bursts into laughter,yells \" Mr. President, what do the Russia\u2026 ", 
      "user_location": "AMERICA FIRST!", 
      "coordinates": null
    }, 
    {
      "id": 24, 
      "text": "RT @maggrhee: hidden figures 2: dont forget us white women we were also good https://t.co/G505FXAkzZ", 
      "user_location": null, 
      "coordinates": null
    }, 
    {
      "id": 25, 
      "text": "RT @KardashianReact: the new Stranger Things commercial looks so good!!! https://t.co/Hnin4iPF0Q", 
      "user_location": null, 
      "coordinates": null
    }, 
    {
      "id": 26, 
      "text": "RT @rachelysanders: [La La Land wins oscars instead of other movies]\n\nme: SEE YOU IN COURT", 
      "user_location": "Brooklyn NY", 
      "coordinates": null
    }, 
    {
      "id": 27, 
      "text": "RT @bestofsthings: New stills of season two (stranger things). https://t.co/0gsOLM2cRg", 
      "user_location": null, 
      "coordinates": null
    }, 
    {
      "id": 28, 
      "text": "RT @PickYourAnswer: The Walking Dead or Breaking Bad?", 
      "user_location": null, 
      "coordinates": null
    }, 
    {
      "id": 29, 
      "text": "RT @PickYourAnswer: The Walking Dead or Breaking Bad?", 
      "user_location": null, 
      "coordinates": null
    }, 
    {
      "id": 30, 
      "text": "Life rn is pretty sweet. First the Pats pull an amazing win, then two straight snow days, now the walking dead this sunday, am I in heaven?", 
      "user_location": "Plymouth, MA", 
      "coordinates": null
    }, 
    {
      "id": 31, 
      "text": "@cvincent_17 No regrets ever when it comes to Stranger Things", 
      "user_location": null, 
      "coordinates": null
    }, 
    {
      "id": 32, 
      "text": "RT @CommonWhiteGirI: the new Stranger Things commercial looks so good!!! https://t.co/9cWLOhLlbx", 
      "user_location": null, 
      "coordinates": null
    }, 
    {
      "id": 33, 
      "text": "RT @KardashianReact: the new Stranger Things commercial looks so good!!! https://t.co/Hnin4iPF0Q", 
      "user_location": null, 
      "coordinates": null
    }, 
    {
      "id": 34, 
      "text": "RT @bestofsthings: New stills of season two (stranger things). https://t.co/0gsOLM2cRg", 
      "user_location": "he/him thx", 
      "coordinates": null
    }, 
    {
      "id": 35, 
      "text": "RT @KardashianReact: the new Stranger Things commercial looks so good!!! https://t.co/Hnin4iPF0Q", 
      "user_location": "Biloxi, MS", 
      "coordinates": null
    }, 
    {
      "id": 36, 
      "text": "RT @KardashianReact: the new Stranger Things commercial looks so good!!! https://t.co/Hnin4iPF0Q", 
      "user_location": null, 
      "coordinates": null
    }, 
    {
      "id": 37, 
      "text": "Stranger things is so good\ud83d\ude0d", 
      "user_location": null, 
      "coordinates": null
    }, 
    {
      "id": 38, 
      "text": "RT @KardashianReact: the new Stranger Things commercial looks so good!!! https://t.co/Hnin4iPF0Q", 
      "user_location": "september 19", 
      "coordinates": null
    }, 
    {
      "id": 39, 
      "text": "RT @KardashianReact: the new Stranger Things commercial looks so good!!! https://t.co/Hnin4iPF0Q", 
      "user_location": "nova", 
      "coordinates": null
    }, 
    {
      "id": 40, 
      "text": "\u2018The Walking Dead\u2019: Which Death Shocked Fans the Most? - Hopefully, it won\u2019t come as a spoiler that a lot of pe... https://t.co/7hJcGah3jU", 
      "user_location": "www.zyite.com", 
      "coordinates": null
    }, 
    {
      "id": 41, 
      "text": "RT @HippyGIF: the new Stranger Things commercial looks so good!!! https://t.co/9W81lXnlhg", 
      "user_location": null, 
      "coordinates": null
    }, 
    {
      "id": 42, 
      "text": "I only look forward to Valentine's Day for the Clive Bixby &amp; Juliana episodes of Modern Family", 
      "user_location": "in your business", 
      "coordinates": null
    }, 
    {
      "id": 43, 
      "text": "RT @KardashianReact: the new Stranger Things commercial looks so good!!! https://t.co/Hnin4iPF0Q", 
      "user_location": "North Bay, Ontario", 
      "coordinates": null
    }, 
    {
      "id": 44, 
      "text": "RT @Hi5Studios: NERF Walking Dead Challenge!: https://t.co/SiDqY8YJiS via @YouTube", 
      "user_location": null, 
      "coordinates": null
    }, 
    {
      "id": 45, 
      "text": "My husband comments more during the bachelor then I do @thezachrogers", 
      "user_location": null, 
      "coordinates": null
    }, 
    {
      "id": 46, 
      "text": "RT @biebersgIow: me seeing the stranger things trailer https://t.co/7i0uAc62Wu", 
      "user_location": "marina", 
      "coordinates": null
    }, 
    {
      "id": 47, 
      "text": "RT @rachelysanders: [La La Land wins oscars instead of other movies]\n\nme: SEE YOU IN COURT", 
      "user_location": null, 
      "coordinates": null
    }, 
    {
      "id": 48, 
      "text": "RT @thebestofmarvel: Not marvel but NEW STRANGER THINGS SEASON 2 STILLS ! https://t.co/jVrbsmf9Gr", 
      "user_location": "KALA LAND\u261d ", 
      "coordinates": null
    }, 
    {
      "id": 49, 
      "text": "RT @SoDamnTrue: the new Stranger Things commercial looks so good!!! https://t.co/8pjnIr6SEk", 
      "user_location": null, 
      "coordinates": null
    }, 
    {
      "id": 50, 
      "text": "Stranger Things is excellent. I loved everything about it and can't wait for season 2. A #snowday well spent.", 
      "user_location": "Medford, NY", 
      "coordinates": null
    }, 
    {
      "id": 51, 
      "text": "Here\u2019s What Will Happen In Stranger Things Season \u2026 : https://t.co/XI4WHlGRQv .. https://t.co/gl4C4oJxDU", 
      "user_location": null, 
      "coordinates": null
    }, 
    {
      "id": 52, 
      "text": "RT @worldlee1: Simpsons Did It!:  \"The Blunder Years\" https://t.co/UlcyfPIA7X via @gabbinggeeks  @judithowen", 
      "user_location": "West Cork Ireland", 
      "coordinates": null
    }, 
    {
      "id": 53, 
      "text": "RT @KardashianReact: the new Stranger Things commercial looks so good!!! https://t.co/Hnin4iPF0Q", 
      "user_location": "Malaysia", 
      "coordinates": null
    }, 
    {
      "id": 54, 
      "text": "RT @faithf96: Nick from the bachelor is the guy that ignores you the whole night at the party but then texts you after you leave asking wha\u2026", 
      "user_location": "Dublin, Ohio ", 
      "coordinates": null
    }, 
    {
      "id": 55, 
      "text": "RT @KardashianReact: the new Stranger Things commercial looks so good!!! https://t.co/Hnin4iPF0Q", 
      "user_location": null, 
      "coordinates": null
    }, 
    {
      "id": 56, 
      "text": "RT @whittingham96: NEW STILLS FROM SEASON 2 OF STRANGER THINGS !!!! https://t.co/1wAPX5Rnxa", 
      "user_location": null, 
      "coordinates": null
    }, 
    {
      "id": 57, 
      "text": "@quietcoolkid what did you think of the Stranger Things season 2 teaser", 
      "user_location": null, 
      "coordinates": null
    }, 
    {
      "id": 58, 
      "text": "I liked a @YouTube video https://t.co/0CEB5b6OS2 Senator Elizabeth Warren Reacts to Being Silenced: The Daily Show", 
      "user_location": "Metropolis", 
      "coordinates": null
    }, 
    {
      "id": 59, 
      "text": "RT @faithf96: Nick from the bachelor is the guy that ignores you the whole night at the party but then texts you after you leave asking wha\u2026", 
      "user_location": "denver, co   indianola, ia", 
      "coordinates": null
    }, 
    {
      "id": 60, 
      "text": "RT @HilariousEdited: the new Stranger Things commercial looks so good!!! https://t.co/XWd4AT3gK8", 
      "user_location": null, 
      "coordinates": null
    }, 
    {
      "id": 61, 
      "text": "RT @KardashianReact: the new Stranger Things commercial looks so good!!! https://t.co/Hnin4iPF0Q", 
      "user_location": null, 
      "coordinates": null
    }, 
    {
      "id": 62, 
      "text": "RT @KardashianReact: the new Stranger Things commercial looks so good!!! https://t.co/Hnin4iPF0Q", 
      "user_location": "@Home", 
      "coordinates": null
    }, 
    {
      "id": 63, 
      "text": "RT @jaureonme: 62. Rosita e Tara (the walking dead) https://t.co/x3s1Qo6rZY", 
      "user_location": null, 
      "coordinates": null
    }, 
    {
      "id": 64, 
      "text": "More Stranger Things Season Two Plot Details Revealed https://t.co/qna1uB8AwU via @pastemagazine", 
      "user_location": "Sactown, CA", 
      "coordinates": null
    }, 
    {
      "id": 65, 
      "text": "RT @cantu_tito: The Simpsons predicted Mchi today \ud83d\ude31\ud83d\ude31 https://t.co/MTtfn591UN", 
      "user_location": "McAllen, TX", 
      "coordinates": null
    }, 
    {
      "id": 66, 
      "text": "who wants to help me write this rhetorical analysis essay on the stranger things 2 trailer", 
      "user_location": "she/her", 
      "coordinates": null
    }, 
    {
      "id": 67, 
      "text": "RT @billyeichner: PUT THE STRANGER THINGS KIDS ON THE SUPREME COURT", 
      "user_location": null, 
      "coordinates": null
    }, 
    {
      "id": 68, 
      "text": "RT @chanelpuke: the new Stranger Things commercial looks so good!!! https://t.co/NruTSHgJza", 
      "user_location": "To inifity and beyond \u221e", 
      "coordinates": null
    }, 
    {
      "id": 69, 
      "text": "RT @RoadkillPic: [PHOTO] STRANGER THINGS Entertainment Weekly Cover #StrangerThingsSeason2 https://t.co/ncUrDx8Gxi", 
      "user_location": null, 
      "coordinates": null
    }, 
    {
      "id": 70, 
      "text": "RT @outerspacepink: AWWW THE STRANGER THINGS KIDS WATCHING THE SEASON 2 TRAILER #worldupsidedown https://t.co/qGYqdZIZml", 
      "user_location": "Ur mum (sorry ill stop)", 
      "coordinates": null
    }, 
    {
      "id": 71, 
      "text": "\u2018The Walking Dead\u2019: Which Death Shocked Fans the Most? - Hopefully, it won\u2019t come as a spoiler that a lot of pe... https://t.co/keBX7fAOXg", 
      "user_location": "Los Angeles, CA", 
      "coordinates": null
    }, 
    {
      "id": 72, 
      "text": "RT @KardashianReact: the new Stranger Things commercial looks so good!!! https://t.co/Hnin4iPF0Q", 
      "user_location": null, 
      "coordinates": null
    }, 
    {
      "id": 73, 
      "text": "Already planning a Stranger Things party with @BrendaKOlea for the season 2 premiere", 
      "user_location": "NC, USA", 
      "coordinates": null
    }, 
    {
      "id": 74, 
      "text": "RT @HippyGIF: the new Stranger Things commercial looks so good!!! https://t.co/9W81lXnlhg", 
      "user_location": null, 
      "coordinates": null
    }, 
    {
      "id": 75, 
      "text": "RT @KailaRodriguez8: @netflix released dates for new seasons of OITNB, Stranger Things and Shameless but I'm still waiting on the second\u2026 ", 
      "user_location": null, 
      "coordinates": null
    }, 
    {
      "id": 76, 
      "text": "\u2614\ud83d\udeb0 \u266b La La Land (feat. Delaney Jane) by DVBBS &amp; Shaun Frank \u2014 https://t.co/wNbyUjr9M5", 
      "user_location": "Sukabumi, West Java", 
      "coordinates": null
    }, 
    {
      "id": 77, 
      "text": "RT @chanelpuke: the new Stranger Things commercial looks so good!!! https://t.co/NruTSHgJza", 
      "user_location": "The Boston Conservatory", 
      "coordinates": null
    }, 
    {
      "id": 78, 
      "text": "RT @HippyGIF: the new Stranger Things commercial looks so good!!! https://t.co/9W81lXnlhg", 
      "user_location": null, 
      "coordinates": null
    }, 
    {
      "id": 79, 
      "text": "RT @chanelpuke: the new Stranger Things commercial looks so good!!! https://t.co/NruTSHgJza", 
      "user_location": "Los Angeles, CA", 
      "coordinates": null
    }, 
    {
      "id": 80, 
      "text": "first it was pretty little liars now the vampire diaries @shondarhimes you better not being thinking of ending greys anatomy", 
      "user_location": "VMR", 
      "coordinates": null
    }, 
    {
      "id": 81, 
      "text": "RT @ANOMALY1: Welcome 2 the La La Land Called @NancyPelosi ! Nancy bursts into laughter,yells \" Mr. President, what do the Russia\u2026 ", 
      "user_location": "Yakima, WA", 
      "coordinates": null
    }, 
    {
      "id": 82, 
      "text": "@MamaGlasgow I'll see those this weekend. Got Manchester By The Sea but cannae be arsed with it, looks pretty boring :/", 
      "user_location": "Scotland - Clyde Built", 
      "coordinates": null
    }, 
    {
      "id": 83, 
      "text": "RT @chanelpuke: the new Stranger Things commercial looks so good!!! https://t.co/NruTSHgJza", 
      "user_location": null, 
      "coordinates": null
    }, 
    {
      "id": 84, 
      "text": "RT @rachelysanders: [La La Land wins oscars instead of other movies]\n\nme: SEE YOU IN COURT", 
      "user_location": "Chicago, IL", 
      "coordinates": null
    }, 
    {
      "id": 85, 
      "text": "RT @ANOMALY1: Welcome 2 the La La Land Called @NancyPelosi ! Nancy bursts into laughter,yells \" Mr. President, what do the Russia\u2026 ", 
      "user_location": "Cypress Gardens, FL", 
      "coordinates": null
    }, 
    {
      "id": 86, 
      "text": "RT @Essence: 'Hidden Figures' becomes the highest grossing Best Picture Oscar nominee of the year! https://t.co/wxWgbVGkVy https://t.co/E7V\u2026", 
      "user_location": "Charlotte, NC", 
      "coordinates": null
    }, 
    {
      "id": 87, 
      "text": "RT @KardashianReact: the new Stranger Things commercial looks so good!!! https://t.co/Hnin4iPF0Q", 
      "user_location": "  ", 
      "coordinates": null
    }, 
    {
      "id": 88, 
      "text": "RT @OriginalFunko: \"Stranger Things\" are happening at Funko! https://t.co/6PCckISeBR https://t.co/Us7IHeKCHV", 
      "user_location": "colleenb123 + haileyknoxmusic", 
      "coordinates": null
    }, 
    {
      "id": 89, 
      "text": "RT @Cyber_Wolf08: So I don't know if I'm gonna upload but im uploading the walking dead right now my latest videos will have ratings turned\u2026", 
      "user_location": "Toronto, Ontario", 
      "coordinates": null
    }, 
    {
      "id": 90, 
      "text": "I liked a @YouTube video from @hi5studios https://t.co/5ZhJQRZHvM NERF Walking Dead Challenge!", 
      "user_location": null, 
      "coordinates": null
    }, 
    {
      "id": 91, 
      "text": "RT @LiamKelsall: NEW STRANGER THINGS SEASON 2 STILLS https://t.co/CnG7tD4Vuz", 
      "user_location": "Winterfell", 
      "coordinates": null
    }, 
    {
      "id": 92, 
      "text": "RT @KardashianReact: the new Stranger Things commercial looks so good!!! https://t.co/Hnin4iPF0Q", 
      "user_location": "Pittsburgh, PA", 
      "coordinates": null
    }, 
    {
      "id": 93, 
      "text": "RT @Zoella: I'm not sure how I'm going to be able to wait until Halloween for Stranger Things 2! \ud83c\udf83 https://t.co/4hrmQvjwyX", 
      "user_location": null, 
      "coordinates": null
    }, 
    {
      "id": 94, 
      "text": "RT @katysprry: hanna marin || pretty little liars https://t.co/PZdyH1dG4q", 
      "user_location": "vale dos come e dorme ", 
      "coordinates": null
    }, 
    {
      "id": 95, 
      "text": "RT @Dory: the new Stranger Things commercial looks so good!!! https://t.co/Pp6D2wxnlt", 
      "user_location": "California", 
      "coordinates": null
    }, 
    {
      "id": 96, 
      "text": "RT @ohhellojon: S T R A N G E R B O Y\nstarboy X stranger things \n@theweeknd https://t.co/sIMxMxDzsq", 
      "user_location": "Lawrenceville, GA", 
      "coordinates": null
    }, 
    {
      "id": 97, 
      "text": "RT @KardashianReact: the new Stranger Things commercial looks so good!!! https://t.co/Hnin4iPF0Q", 
      "user_location": null, 
      "coordinates": null
    }, 
    {
      "id": 98, 
      "text": "RT @KardashianReact: the new Stranger Things commercial looks so good!!! https://t.co/Hnin4iPF0Q", 
      "user_location": null, 
      "coordinates": null
    }, 
    {
      "id": 99, 
      "text": "Glad to see Kojima enjoying movies my company worked on:\n\n-The Neon Demon\n-What We Do in the Shadows\n-Sing Street\n-The Strain\n-La La Land", 
      "user_location": null, 
      "coordinates": null
    }, 
    {
      "id": 100, 
      "text": "RT @mediatkd: Kid Cudi wears unreleased Yeezy Boost 350 V2 sneakers during his performance on The Tonight Show last night. https://t.co/lFJ\u2026", 
      "user_location": "\u2708\ufe0f around.", 
      "coordinates": null
    }, 
    {
      "id": 101, 
      "text": "RT @KardashianReact: the new Stranger Things commercial looks so good!!! https://t.co/Hnin4iPF0Q", 
      "user_location": "NWI", 
      "coordinates": null
    }, 
    {
      "id": 102, 
      "text": "We apologize for the technical issues with The Rocket Daily Show recently. We have resolved those issues and will be on the air tomorrow!", 
      "user_location": "Rose Hill, KS", 
      "coordinates": null
    }, 
    {
      "id": 103, 
      "text": "I started ep 1 of stranger things like last september (?) and i was supposed to watch more but fucking net always fucks up smh", 
      "user_location": "United States", 
      "coordinates": null
    }, 
    {
      "id": 104, 
      "text": "RT @KardashianReact: the new Stranger Things commercial looks so good!!! https://t.co/Hnin4iPF0Q", 
      "user_location": "K ville, Tx", 
      "coordinates": null
    }, 
    {
      "id": 105, 
      "text": "RT @chanelpuke: the new Stranger Things commercial looks so good!!! https://t.co/NruTSHgJza", 
      "user_location": null, 
      "coordinates": null
    }, 
    {
      "id": 106, 
      "text": "RT @KardashianReact: the new Stranger Things commercial looks so good!!! https://t.co/Hnin4iPF0Q", 
      "user_location": "Yorba Linda, CA", 
      "coordinates": null
    }, 
    {
      "id": 107, 
      "text": "RT @GBNewsdotcom: Let's talk about the Ghostbusters flight suits used in Stranger Things: https://t.co/GTAySZLTI2\n\n#ghostbusters\u2026 ", 
      "user_location": "Dagobah", 
      "coordinates": null
    }, 
    {
      "id": 108, 
      "text": "RT @FiImMemes: Westworld (2016) https://t.co/yALGmkq5RT", 
      "user_location": null, 
      "coordinates": null
    }, 
    {
      "id": 109, 
      "text": "How have I only just started Stranger Things?!", 
      "user_location": "England and Wales", 
      "coordinates": null
    }, 
    {
      "id": 110, 
      "text": "RT @JuicyThaJacuzzi: yall be looking like the walking dead lol leave them pills and lean alone", 
      "user_location": "accra", 
      "coordinates": null
    }, 
    {
      "id": 111, 
      "text": "Horror Game Stories Untold Channels Stranger Things In Debut Trailer https://t.co/nEEvj2nQMJ", 
      "user_location": null, 
      "coordinates": null
    }, 
    {
      "id": 112, 
      "text": "Sofrendo #NowPlaying City Of Stars - From \"La La Land\" Soundtrack de Ryan Gosling \u266b https://t.co/GwS1dLFlfe", 
      "user_location": null, 
      "coordinates": null
    }, 
    {
      "id": 113, 
      "text": "RT @katysprry: spencer hastings || pretty little liars https://t.co/gwSKqlpoJN", 
      "user_location": "vale dos come e dorme ", 
      "coordinates": null
    }, 
    {
      "id": 114, 
      "text": "RT @bestofsthings: New stills of season two (stranger things). https://t.co/0gsOLM2cRg", 
      "user_location": null, 
      "coordinates": null
    }, 
    {
      "id": 115, 
      "text": "RT @Dory: the new Stranger Things commercial looks so good!!! https://t.co/Pp6D2wxnlt", 
      "user_location": null, 
      "coordinates": null
    }, 
    {
      "id": 116, 
      "text": "RT @Zoella: I'm not sure how I'm going to be able to wait until Halloween for Stranger Things 2! \ud83c\udf83 https://t.co/4hrmQvjwyX", 
      "user_location": "Belfast, Northern Ireland", 
      "coordinates": null
    }, 
    {
      "id": 117, 
      "text": "RT @katysprry: alison dilaurents || pretty little liars https://t.co/wMcrgdY6Ar", 
      "user_location": "vale dos come e dorme ", 
      "coordinates": null
    }, 
    {
      "id": 118, 
      "text": "RT @katysprry: aria montgomery || pretty little liars https://t.co/wLgWzDtTvD", 
      "user_location": "vale dos come e dorme ", 
      "coordinates": null
    }, 
    {
      "id": 119, 
      "text": "@OriginalFunko when are all of the Stranger Things pops for sale in Hot Topic? #AskFunko", 
      "user_location": "probably in bed", 
      "coordinates": null
    }, 
    {
      "id": 120, 
      "text": "RT @billyeichner: PUT THE STRANGER THINGS KIDS ON THE SUPREME COURT", 
      "user_location": null, 
      "coordinates": null
    }, 
    {
      "id": 121, 
      "text": "RT @chanelpuke: the new Stranger Things commercial looks so good!!! https://t.co/NruTSHgJza", 
      "user_location": "Trussville, AL", 
      "coordinates": null
    }, 
    {
      "id": 122, 
      "text": "RT @SoDamnTrue: the new Stranger Things commercial looks so good!!! https://t.co/8pjnIr6SEk", 
      "user_location": "Evans, La", 
      "coordinates": null
    }, 
    {
      "id": 123, 
      "text": "RT @SoDamnTrue: the new Stranger Things commercial looks so good!!! https://t.co/8pjnIr6SEk", 
      "user_location": "AHS 17", 
      "coordinates": null
    }, 
    {
      "id": 124, 
      "text": "RT @katysprry: emily fields || pretty little liars https://t.co/yB9Iq8OAB5", 
      "user_location": "vale dos come e dorme ", 
      "coordinates": null
    }, 
    {
      "id": 125, 
      "text": "RT @KardashianReact: the new Stranger Things commercial looks so good!!! https://t.co/Hnin4iPF0Q", 
      "user_location": null, 
      "coordinates": null
    }, 
    {
      "id": 126, 
      "text": "RT @beautfilms: Stranger Things (2016) https://t.co/5xRn5rztbw", 
      "user_location": "Derry, ME", 
      "coordinates": null
    }, 
    {
      "id": 127, 
      "text": "RT @CommonWhiteGirI: the new Stranger Things commercial looks so good!!! https://t.co/9cWLOhLlbx", 
      "user_location": "United States", 
      "coordinates": null
    }, 
    {
      "id": 128, 
      "text": "\"What I learned tonight is cats have 9 lives, and bitches have 2\" -Corrine from the bachelor", 
      "user_location": "Location : Over there.", 
      "coordinates": null
    }, 
    {
      "id": 129, 
      "text": "RT @katysprry: caleb rivers || pretty little liars https://t.co/tPnsH8kNpH", 
      "user_location": "vale dos come e dorme ", 
      "coordinates": null
    }, 
    {
      "id": 130, 
      "text": "RT @katysprry: ezra fitzgeralds || pretty little liars https://t.co/LkSwrNaGN9", 
      "user_location": "vale dos come e dorme ", 
      "coordinates": null
    }, 
    {
      "id": 131, 
      "text": "Manchester by the Sea is one depressing film", 
      "user_location": "Gainesville, FL", 
      "coordinates": null
    }, 
    {
      "id": 132, 
      "text": "RT @HippyGIF: the new Stranger Things commercial looks so good!!! https://t.co/9W81lXnlhg", 
      "user_location": "Farnborough, England", 
      "coordinates": null
    }, 
    {
      "id": 133, 
      "text": "RT @KardashianReact: the new Stranger Things commercial looks so good!!! https://t.co/Hnin4iPF0Q", 
      "user_location": "Pittston", 
      "coordinates": null
    }, 
    {
      "id": 134, 
      "text": "RT @chanelpuke: the new Stranger Things commercial looks so good!!! https://t.co/NruTSHgJza", 
      "user_location": "i rlly like dogs", 
      "coordinates": null
    }, 
    {
      "id": 135, 
      "text": "Here\u2019s What Will Happen In Stranger Things Season 2 - New plot details for the second season of \"Stranger Thing... https://t.co/iFdFH1m0hd", 
      "user_location": "New York / Georgia / LA", 
      "coordinates": null
    }, 
    {
      "id": 136, 
      "text": "RT @chanelpuke: the new Stranger Things commercial looks so good!!! https://t.co/NruTSHgJza", 
      "user_location": null, 
      "coordinates": null
    }, 
    {
      "id": 137, 
      "text": "RT @SoDamnTrue: the new Stranger Things commercial looks so good!!! https://t.co/8pjnIr6SEk", 
      "user_location": null, 
      "coordinates": null
    }, 
    {
      "id": 138, 
      "text": "@Caren329 I haven't seen La La Land. I can wait for  DVD.", 
      "user_location": "Las Vegas", 
      "coordinates": null
    }, 
    {
      "id": 139, 
      "text": "marge simpsons pussy https://t.co/ky3uZTWIlV", 
      "user_location": null, 
      "coordinates": null
    }, 
    {
      "id": 140, 
      "text": "RT @katysprry: charlotte dilaurents || pretty little liars https://t.co/WRGc5e27fQ", 
      "user_location": "vale dos come e dorme ", 
      "coordinates": null
    }, 
    {
      "id": 141, 
      "text": "RT @Dee_Vinci: That starboy x stranger things mash up is pure gold\ud83c\udfb6", 
      "user_location": "Chino, CA", 
      "coordinates": null
    }, 
    {
      "id": 142, 
      "text": "RT @HotTopic: 'Stranger Things 2': Who's in Danger? Who's New? The Plot Revealed! https://t.co/oyRfJlflo0 via @ew", 
      "user_location": "Amherst, NY ", 
      "coordinates": null
    }, 
    {
      "id": 143, 
      "text": "RT @KardashianReact: the new Stranger Things commercial looks so good!!! https://t.co/Hnin4iPF0Q", 
      "user_location": "Fairleigh Dickinson University", 
      "coordinates": null
    }, 
    {
      "id": 144, 
      "text": "RT @katysprry: mona vanderwall || pretty little liars https://t.co/GmJ6Lne9H0", 
      "user_location": "vale dos come e dorme ", 
      "coordinates": null
    }, 
    {
      "id": 145, 
      "text": "@reemzzzzzz if you want to change the way you think about existence, go stream Westworld.", 
      "user_location": null, 
      "coordinates": null
    }, 
    {
      "id": 146, 
      "text": "RT @WalkrStalkrCon: GUEST ANNOUNCEMENT - Norman Reedus / @wwwbigbaldhead (Daryl, The Walking Dead) joins us for #WSCNJ! https://t.co/kKTxTu\u2026", 
      "user_location": "TWD", 
      "coordinates": null
    }, 
    {
      "id": 147, 
      "text": "RT @chanelpuke: the new Stranger Things commercial looks so good!!! https://t.co/NruTSHgJza", 
      "user_location": null, 
      "coordinates": null
    }, 
    {
      "id": 148, 
      "text": "RT @FunnySayings: Me seeing the Stranger Things 2 trailer https://t.co/gdQq9MZvpd", 
      "user_location": "England, United Kingdom", 
      "coordinates": null
    }, 
    {
      "id": 149, 
      "text": "RT @hyunapics__: Hyuna's greatest loves: pineapples and simpsons \ud83d\ude02\ud83d\udc9b #10YearsWithHyunA https://t.co/1NYCvrd1KC", 
      "user_location": "Velvetinhas", 
      "coordinates": null
    }, 
    {
      "id": 150, 
      "text": "RT @KardashianReact: the new Stranger Things commercial looks so good!!! https://t.co/Hnin4iPF0Q", 
      "user_location": "Murrieta, CA", 
      "coordinates": null
    }, 
    {
      "id": 151, 
      "text": "RT @Cyber_Wolf08: So I don't know if I'm gonna upload but im uploading the walking dead right now my latest videos will have ratings turned\u2026", 
      "user_location": null, 
      "coordinates": null
    }, 
    {
      "id": 152, 
      "text": "RT @SoDamnTrue: the new Stranger Things commercial looks so good!!! https://t.co/8pjnIr6SEk", 
      "user_location": null, 
      "coordinates": null
    }, 
    {
      "id": 153, 
      "text": "RT @AnUglyNigga: Archer, the office, Stranger Things, Rorouni Kenshin if u like anime bobs burgers shameless house of cards criminal\u2026 ", 
      "user_location": "HTX/VA", 
      "coordinates": null
    }, 
    {
      "id": 154, 
      "text": "Me ha gustado un v\u00eddeo de @YouTube (https://t.co/kkjAhD68pE - The Walking Dead Season 7 Discussion Will We Ever See Wade Again?).", 
      "user_location": null, 
      "coordinates": null
    }, 
    {
      "id": 155, 
      "text": "RT @KardashianReact: the new Stranger Things commercial looks so good!!! https://t.co/Hnin4iPF0Q", 
      "user_location": null, 
      "coordinates": null
    }, 
    {
      "id": 156, 
      "text": "RT @Dory: the new Stranger Things commercial looks so good!!! https://t.co/Pp6D2wxnlt", 
      "user_location": null, 
      "coordinates": null
    }, 
    {
      "id": 157, 
      "text": "RT @CommonWhiteGirI: the new Stranger Things commercial looks so good!!! https://t.co/9cWLOhLlbx", 
      "user_location": "Lincoln, NE", 
      "coordinates": null
    }, 
    {
      "id": 158, 
      "text": "@stevenmorrish From La La Land ;-)?!", 
      "user_location": "UK", 
      "coordinates": null
    }, 
    {
      "id": 159, 
      "text": "RT @maggrhee: hidden figures 2: dont forget us white women we were also good https://t.co/G505FXAkzZ", 
      "user_location": null, 
      "coordinates": null
    }, 
    {
      "id": 160, 
      "text": "RT @KardashianReact: the new Stranger Things commercial looks so good!!! https://t.co/Hnin4iPF0Q", 
      "user_location": "San Marcos, TX", 
      "coordinates": null
    }, 
    {
      "id": 161, 
      "text": "RT @SoDamnTrue: the new Stranger Things commercial looks so good!!! https://t.co/8pjnIr6SEk", 
      "user_location": null, 
      "coordinates": null
    }, 
    {
      "id": 162, 
      "text": "@DANClNGTO THIS AND THE STRANGER THINGS THEME SONG IS MY FAVORITE", 
      "user_location": "u\u028dop \u0259p\u0131sdn", 
      "coordinates": null
    }, 
    {
      "id": 163, 
      "text": "RT @KardashianReact: the new Stranger Things commercial looks so good!!! https://t.co/Hnin4iPF0Q", 
      "user_location": "the boro", 
      "coordinates": null
    }, 
    {
      "id": 164, 
      "text": "RT @billyeichner: PUT THE STRANGER THINGS KIDS ON THE SUPREME COURT", 
      "user_location": "I CAN C U", 
      "coordinates": null
    }, 
    {
      "id": 165, 
      "text": "RT @TheWeirdWorld: The baby in The Walking Dead cries the least out of all the characters.", 
      "user_location": "everywhere and nowhere", 
      "coordinates": null
    }, 
    {
      "id": 166, 
      "text": "RT @Dory: the new Stranger Things commercial looks so good!!! https://t.co/Pp6D2wxnlt", 
      "user_location": null, 
      "coordinates": null
    }, 
    {
      "id": 167, 
      "text": "RT @KardashianReact: the new Stranger Things commercial looks so good!!! https://t.co/Hnin4iPF0Q", 
      "user_location": "Tennessee, USA", 
      "coordinates": null
    }, 
    {
      "id": 168, 
      "text": "overheard at the ranger game:\n\"yo vincent you know what you gotta do when you finish breaking bad\"\n\"try meth?\"", 
      "user_location": "nyc  // bc '15", 
      "coordinates": null
    }, 
    {
      "id": 169, 
      "text": "\u2018The Walking Dead\u2019: Which Death Shocked Fans the Most? - Hopefully, it won\u2019t come as a spoiler that a lot of pe... https://t.co/5EBSQZbptr", 
      "user_location": "http://www.zyite.com/", 
      "coordinates": null
    }, 
    {
      "id": 170, 
      "text": "RT @HilariousEdited: the new Stranger Things commercial looks so good!!! https://t.co/XWd4AT3gK8", 
      "user_location": null, 
      "coordinates": null
    }, 
    {
      "id": 171, 
      "text": "RT @heLICUPter: Still flabbergasted with La La Land especially its color scheme. https://t.co/NHFU3yiUOd", 
      "user_location": "CGY-CEB", 
      "coordinates": null
    }, 
    {
      "id": 172, 
      "text": "TAMU News update: In Anticipation Of \u201cThe Walking Dead\u201d Premiere Sunday, Prof Digs Up Truths About Zombies https://t.co/0qrxkt8Fae", 
      "user_location": "Bryan/College Station, Texas", 
      "coordinates": null
    }, 
    {
      "id": 173, 
      "text": "RT @Caindoe_: Walking Dead Sunday \ud83e\udd19\ud83c\udffe", 
      "user_location": "Cape Coral, FL", 
      "coordinates": null
    }, 
    {
      "id": 174, 
      "text": "RT @ComicBookNOW: ICYMI: New STRANGER THINGS SEASON 2 character &amp; plot details revealed! https://t.co/1Riz1AOHn0 https://t.co/XJuu4X3lN0", 
      "user_location": "South Florida", 
      "coordinates": null
    }, 
    {
      "id": 175, 
      "text": "@TellTaleClemy oh yeah out of the overall walking dead games telltale made it was the worst lol", 
      "user_location": "Florida, USA", 
      "coordinates": null
    }, 
    {
      "id": 176, 
      "text": "RT @rachelysanders: [La La Land wins oscars instead of other movies]\n\nme: SEE YOU IN COURT", 
      "user_location": "Thug Mansion / Bronx", 
      "coordinates": null
    }, 
    {
      "id": 177, 
      "text": "RT @girlposts: me watching the stranger things 2 trailer https://t.co/j0BM2s4Ojq", 
      "user_location": null, 
      "coordinates": null
    }, 
    {
      "id": 178, 
      "text": "I cannot wait for pretty little liars to come back in April", 
      "user_location": "18.10.16", 
      "coordinates": null
    }, 
    {
      "id": 179, 
      "text": "RT @WalkrStalkrCon: GUEST ANNOUNCEMENT - Norman Reedus / @wwwbigbaldhead (Daryl, The Walking Dead) joins us for #WSCNJ! https://t.co/kKTxTu\u2026", 
      "user_location": "Softball Field", 
      "coordinates": null
    }, 
    {
      "id": 180, 
      "text": "RT @CINEMAGEMS: \u201cCity of stars, there's so much that I can't see.\u201d\n\nLa La Land (2016) https://t.co/uozFjjANnt", 
      "user_location": "United States", 
      "coordinates": null
    }, 
    {
      "id": 181, 
      "text": "RT @KardashianReact: the new Stranger Things commercial looks so good!!! https://t.co/Hnin4iPF0Q", 
      "user_location": null, 
      "coordinates": null
    }, 
    {
      "id": 182, 
      "text": "RT @billyeichner: PUT THE STRANGER THINGS KIDS ON THE SUPREME COURT", 
      "user_location": "Virginia ", 
      "coordinates": null
    }, 
    {
      "id": 183, 
      "text": "RT @thebestofmarvel: Not marvel but NEW STRANGER THINGS SEASON 2 STILLS ! https://t.co/jVrbsmf9Gr", 
      "user_location": null, 
      "coordinates": null
    }, 
    {
      "id": 184, 
      "text": "RT @SoDamnTrue: the new Stranger Things commercial looks so good!!! https://t.co/8pjnIr6SEk", 
      "user_location": null, 
      "coordinates": null
    }, 
    {
      "id": 185, 
      "text": "RT @furcoatmami: Wow the new Stranger Things commercial looks so good!!! https://t.co/FmYDh2xNmi", 
      "user_location": null, 
      "coordinates": null
    }, 
    {
      "id": 186, 
      "text": "RT @chanelpuke: the new Stranger Things commercial looks so good!!! https://t.co/NruTSHgJza", 
      "user_location": "the ville", 
      "coordinates": null
    }, 
    {
      "id": 187, 
      "text": "RT @SoDamnTrue: me watching the stranger things 2 trailer https://t.co/Kz75x9D8Vu", 
      "user_location": null, 
      "coordinates": null
    }, 
    {
      "id": 188, 
      "text": "More MTV News on last link. Here\u2019s What Will Happen In Stranger Things Season 2 https://t.co/yyLZZuiNy0\u2026 https://t.co/yZsVfElJFJ", 
      "user_location": "Teesdale Park, Thornaby, UK", 
      "coordinates": null
    }, 
    {
      "id": 189, 
      "text": "RT @AnUglyNigga: Archer, the office, Stranger Things, Rorouni Kenshin if u like anime bobs burgers shameless house of cards criminal\u2026 ", 
      "user_location": "dancing with satan in houston", 
      "coordinates": null
    }, 
    {
      "id": 190, 
      "text": "RT @KardashianReact: the new Stranger Things commercial looks so good!!! https://t.co/Hnin4iPF0Q", 
      "user_location": "Almost Heaven", 
      "coordinates": null
    }, 
    {
      "id": 191, 
      "text": "part of westworld is a deep exploration of the nature of consciousness. and part of it is about how video games breed misogyny and sadism", 
      "user_location": "USA", 
      "coordinates": null
    }, 
    {
      "id": 192, 
      "text": "RT @chanelpuke: the new Stranger Things commercial looks so good!!! https://t.co/NruTSHgJza", 
      "user_location": "Gloucester, VA", 
      "coordinates": null
    }, 
    {
      "id": 193, 
      "text": "Stranger Things Season 2 Plot https://t.co/W3waKviRU9", 
      "user_location": null, 
      "coordinates": null
    }, 
    {
      "id": 194, 
      "text": "RT @KardashianReact: the new Stranger Things commercial looks so good!!! https://t.co/Hnin4iPF0Q", 
      "user_location": null, 
      "coordinates": null
    }, 
    {
      "id": 195, 
      "text": "RT @ComicBookNOW: ICYMI: New STRANGER THINGS SEASON 2 character &amp; plot details revealed! https://t.co/1Riz1AOHn0 https://t.co/XJuu4X3lN0", 
      "user_location": "Maison-Roland, France", 
      "coordinates": null
    }, 
    {
      "id": 196, 
      "text": "RT @inxstable: \ud83d\udc7d cyr stranger things \ud83d\udc7d\n\n4. \u00bfLloraste por Will? (yo lloraba cuando joyce lloraba chau)", 
      "user_location": "cake|malum|muke", 
      "coordinates": null
    }, 
    {
      "id": 197, 
      "text": "@Freeyourmindkid I think this clown has seen too many episodes of Breaking Bad", 
      "user_location": "Mesa, AZ", 
      "coordinates": null
    }, 
    {
      "id": 198, 
      "text": "RT @BJCalvillo: Life Update:\n\nThe world is in chaos and I still haven't watched the entire first season of Stranger Things", 
      "user_location": "Oregon, IL", 
      "coordinates": null
    }, 
    {
      "id": 199, 
      "text": "RT @olobersyko: New Zealand we are in the country &amp; cant wait for tonight show. If you don't have a ticket yet hit up https://t.co/2qdd6IUW\u2026", 
      "user_location": null, 
      "coordinates": null
    }, 
    {
      "id": 200, 
      "text": "RT @Dory: the new Stranger Things commercial looks so good!!! https://t.co/Pp6D2wxnlt", 
      "user_location": "Los Angeles , CA ", 
      "coordinates": null
    }, 
    {
      "id": 201, 
      "text": "RT @KardashianReact: the new Stranger Things commercial looks so good!!! https://t.co/Hnin4iPF0Q", 
      "user_location": "probs lifting ", 
      "coordinates": null
    }, 
    {
      "id": 202, 
      "text": "RT @chanelpuke: the new Stranger Things commercial looks so good!!! https://t.co/NruTSHgJza", 
      "user_location": "Palatka, FL", 
      "coordinates": null
    }, 
    {
      "id": 203, 
      "text": "RT @_OriginalHamza_: Valentine's Day? fuck that love shit I'm finna be watching the walking dead\ud83e\udd37\ud83c\udffe\u200d\u2642\ufe0f\ud83d\udcaf", 
      "user_location": null, 
      "coordinates": null
    }, 
    {
      "id": 204, 
      "text": "RT @blackvoices: 'Hidden Figures' has now earned more money in the U.S. than 'La La Land' \ud83d\ude4c\ud83c\udffe https://t.co/FjBoZXYj4s https://t.co/oS3nW8XUer", 
      "user_location": null, 
      "coordinates": null
    }, 
    {
      "id": 205, 
      "text": "RT @blackvoices: 'Hidden Figures' has now earned more money in the U.S. than 'La La Land' \ud83d\ude4c\ud83c\udffe https://t.co/FjBoZXYj4s https://t.co/oS3nW8XUer", 
      "user_location": null, 
      "coordinates": null
    }, 
    {
      "id": 206, 
      "text": "RT @KardashianReact: the new Stranger Things commercial looks so good!!! https://t.co/Hnin4iPF0Q", 
      "user_location": null, 
      "coordinates": null
    }, 
    {
      "id": 207, 
      "text": "RT @chanelpuke: the new Stranger Things commercial looks so good!!! https://t.co/NruTSHgJza", 
      "user_location": "Through space and time", 
      "coordinates": null
    }, 
    {
      "id": 208, 
      "text": "RT @KardashianReact: the new Stranger Things commercial looks so good!!! https://t.co/Hnin4iPF0Q", 
      "user_location": "away", 
      "coordinates": null
    }, 
    {
      "id": 209, 
      "text": "RT @KardashianReact: the new Stranger Things commercial looks so good!!! https://t.co/Hnin4iPF0Q", 
      "user_location": null, 
      "coordinates": null
    }, 
    {
      "id": 210, 
      "text": "RT @GoddessCru: @MorganJerkins Basically white women after Hidden Figures, to he honest. https://t.co/HGg7gQqJt5", 
      "user_location": "The Dirty P --- OSU", 
      "coordinates": null
    }, 
    {
      "id": 211, 
      "text": "RT @ANOMALY1: Welcome 2 the La La Land Called @NancyPelosi ! Nancy bursts into laughter,yells \" Mr. President, what do the Russia\u2026 ", 
      "user_location": "Edwardsville, IL", 
      "coordinates": null
    }, 
    {
      "id": 212, 
      "text": "RT @chanelpuke: the new Stranger Things commercial looks so good!!! https://t.co/NruTSHgJza", 
      "user_location": "New Jersey", 
      "coordinates": null
    }, 
    {
      "id": 213, 
      "text": "RT @Dory: the new Stranger Things commercial looks so good!!! https://t.co/Pp6D2wxnlt", 
      "user_location": null, 
      "coordinates": null
    }, 
    {
      "id": 214, 
      "text": "Kid Cudi Performs \"Kitchen\" on 'The Tonight Show' - Complex https://t.co/jAFP4S9Gkr", 
      "user_location": "Atlanta, Georgia", 
      "coordinates": null
    }, 
    {
      "id": 215, 
      "text": "Update: even when you know the entire plot, it doesn't get any easier to watch the second time la la land I hate u\u2026 https://t.co/65dh09GJWg", 
      "user_location": "shiz university ", 
      "coordinates": null
    }, 
    {
      "id": 216, 
      "text": "RT @biebersgIow: me seeing the stranger things trailer https://t.co/7i0uAc62Wu", 
      "user_location": "Parlier, CA", 
      "coordinates": null
    }, 
    {
      "id": 217, 
      "text": "Gallery: More Muscle From Barret-Jackson Scottsdale - Every January, Scottsdale, Arizona\u2019s WestWorld turns into... https://t.co/UY3Kl0KHxs", 
      "user_location": "El Paso, Texas", 
      "coordinates": null
    }, 
    {
      "id": 218, 
      "text": "RT @KardashianReact: the new Stranger Things commercial looks so good!!! https://t.co/Hnin4iPF0Q", 
      "user_location": null, 
      "coordinates": null
    }, 
    {
      "id": 219, 
      "text": "teen wolf\nshadowhunters\npretty little liars https://t.co/XFb2zOizCy", 
      "user_location": "MULTIFANDOM \u2022 Beacon Hills", 
      "coordinates": null
    }, 
    {
      "id": 220, 
      "text": "RT @spiritbor3d: when someone talks to me irl all i hear is the stranger things theme song on an infinite loop in my head", 
      "user_location": "hayden | fat floridian fuck", 
      "coordinates": null
    }, 
    {
      "id": 221, 
      "text": "I liked a @YouTube video https://t.co/yfeuNuWQ4S Senator Elizabeth Warren Reacts to Being Silenced: The Daily Show", 
      "user_location": "Chicago", 
      "coordinates": null
    }, 
    {
      "id": 222, 
      "text": "ughhhhhhhh on the last episode of breaking bad again :(((((", 
      "user_location": "Centreville, VA", 
      "coordinates": null
    }, 
    {
      "id": 223, 
      "text": "RT @Slate: Elizabeth Warren persists, this time with a surprise Daily Show appearance: https://t.co/pAKxBsaZtJ https://t.co/6pNJtXVGEK", 
      "user_location": null, 
      "coordinates": null
    }, 
    {
      "id": 224, 
      "text": "RT @rachelysanders: [La La Land wins oscars instead of other movies]\n\nme: SEE YOU IN COURT", 
      "user_location": "Statesboro, GA (unfortunately)", 
      "coordinates": null
    }, 
    {
      "id": 225, 
      "text": "#simpsons nude games sex predators in your neighborhood https://t.co/NmYxWToVhe", 
      "user_location": "Thugga Thugga ", 
      "coordinates": null
    }, 
    {
      "id": 226, 
      "text": "RT @KardashianReact: the new Stranger Things commercial looks so good!!! https://t.co/Hnin4iPF0Q", 
      "user_location": null, 
      "coordinates": null
    }, 
    {
      "id": 227, 
      "text": "@agustinabuyatti breaking bad", 
      "user_location": null, 
      "coordinates": null
    }, 
    {
      "id": 228, 
      "text": "RT @KardashianReact: the new Stranger Things commercial looks so good!!! https://t.co/Hnin4iPF0Q", 
      "user_location": "SA TX/CC TX", 
      "coordinates": null
    }, 
    {
      "id": 229, 
      "text": "Heeeeels, pens, &amp; how to get away with murder", 
      "user_location": "Wild&Wonderful  \u300b1st in Flight", 
      "coordinates": null
    }, 
    {
      "id": 230, 
      "text": "RT @chanelpuke: the new Stranger Things commercial looks so good!!! https://t.co/NruTSHgJza", 
      "user_location": null, 
      "coordinates": null
    }, 
    {
      "id": 231, 
      "text": "RT @beautfilms: Stranger Things (2016) https://t.co/5xRn5rztbw", 
      "user_location": "nath fefa gui \u2661 ", 
      "coordinates": null
    }, 
    {
      "id": 232, 
      "text": "RT @CommonWhiteGirI: the new Stranger Things commercial looks so good!!! https://t.co/9cWLOhLlbx", 
      "user_location": "rotting in hell", 
      "coordinates": null
    }, 
    {
      "id": 233, 
      "text": "RT @Cyber_Wolf08: So I don't know if I'm gonna upload but im uploading the walking dead right now my latest videos will have ratings turned\u2026", 
      "user_location": "Baltimore, MD", 
      "coordinates": null
    }, 
    {
      "id": 234, 
      "text": "i'm so excited for season two of stranger things \ud83d\ude4c\ud83c\udffe", 
      "user_location": "Boston, MA", 
      "coordinates": null
    }, 
    {
      "id": 235, 
      "text": "\u2018Daily Show\u2019s\u2019 Trevor Noah Thanks Nordstrom for Dumping Ivanka Trump  https://t.co/o2fyqorIAa via @thedailybeast", 
      "user_location": "New Jersey", 
      "coordinates": null
    }, 
    {
      "id": 236, 
      "text": "11. my favorite shows are rupaul's drag race obviously, americas next top model, and the walking dead", 
      "user_location": "dm(v)", 
      "coordinates": null
    }, 
    {
      "id": 237, 
      "text": "RT @moirarachelle4: Jollibee is going La La Land on me", 
      "user_location": "Sa Puso ni LA Aguinaldo \u2764", 
      "coordinates": null
    }, 
    {
      "id": 238, 
      "text": "Andrew started watching stranger things and he started to like the guy that dies in the diner. RIP.", 
      "user_location": null, 
      "coordinates": null
    }, 
    {
      "id": 239, 
      "text": "RT @itsSTquotes: STRANGER THINGS SEASON 2 TRAILER https://t.co/tREkezYnSO", 
      "user_location": null, 
      "coordinates": null
    }, 
    {
      "id": 240, 
      "text": "We've seen stranger things.. #strangerthings #fanart https://t.co/cWP4WD10aX", 
      "user_location": "Los Angeles, CA", 
      "coordinates": null
    }, 
    {
      "id": 241, 
      "text": "RT @SoDamnTrue: the new Stranger Things commercial looks so good!!! https://t.co/8pjnIr6SEk", 
      "user_location": "waiting on Twenty One Pilots ", 
      "coordinates": null
    }, 
    {
      "id": 242, 
      "text": "@icecubetray hey also Trump apparently loved \"Manchester by the Sea\"", 
      "user_location": "Tokyo, Japan", 
      "coordinates": null
    }, 
    {
      "id": 243, 
      "text": "#TypeSomeCapitalizedWords\nTHE WALKING DEAD IS BACK ON SUNDAY", 
      "user_location": "Saginaw Township North, MI", 
      "coordinates": null
    }, 
    {
      "id": 244, 
      "text": "RT @BiffestivalUK: Hidden Figures overtakes La La Land to become highest-grossing #Oscars2017 Best Picture nominee #HiddenFigures\u2026 ", 
      "user_location": null, 
      "coordinates": null
    }, 
    {
      "id": 245, 
      "text": "RT @BiffestivalUK: Hidden Figures overtakes La La Land to become highest-grossing #Oscars2017 Best Picture nominee #HiddenFigures\u2026 ", 
      "user_location": null, 
      "coordinates": null
    }, 
    {
      "id": 246, 
      "text": "#7: Leaving La La Land: Leaving La La Land Amazon Video ~ LLC Fly Girls (25) Download: $1.99\u2026 https://t.co/5EHUDrrmID #RealityTV #Video", 
      "user_location": "Worldwide", 
      "coordinates": null
    }, 
    {
      "id": 247, 
      "text": "RT @BrittanyFurlan: Wake me up when Stranger Things 2 is released", 
      "user_location": null, 
      "coordinates": null
    }, 
    {
      "id": 248, 
      "text": "RT @maggrhee: hidden figures 2: dont forget us white women we were also good https://t.co/G505FXAkzZ", 
      "user_location": "Columbus, Ohio, USA", 
      "coordinates": null
    }, 
    {
      "id": 249, 
      "text": "i was like, why does everyone in the stranger things fandom have their names upside down... lmao im so dumb", 
      "user_location": "ak\u00ae", 
      "coordinates": null
    }, 
    {
      "id": 250, 
      "text": "Breaking Bad New on Ebay: Used Breaking Bad The Complete Series (DVD, 2014) No Digital Copy https://t.co/hK4BuVTCgy https://t.co/obE5xRqb5Y", 
      "user_location": null, 
      "coordinates": null
    }, 
    {
      "id": 251, 
      "text": "RT @IndieWire: #HiddenFigures has earned $119.4 million; it passes \"La La Land\" to be the year's highest grossing Oscar nominee\u2026 ", 
      "user_location": null, 
      "coordinates": null
    }, 
    {
      "id": 252, 
      "text": "Couple from last year's The Bachelor and the man himself, Troy Terry with my shirt design! Unreal. https://t.co/0YTb8hPbYp", 
      "user_location": "Madison Square Garden", 
      "coordinates": null
    }, 
    {
      "id": 253, 
      "text": "RT @KardashianReact: the new Stranger Things commercial looks so good!!! https://t.co/Hnin4iPF0Q", 
      "user_location": null, 
      "coordinates": null
    }, 
    {
      "id": 254, 
      "text": "Breaking Bad New on Ebay: Breaking Bad The Complete Series (Blu-ray, All Seasons) https://t.co/czM4jyOD1N https://t.co/VRQYdwDj4B", 
      "user_location": null, 
      "coordinates": null
    }, 
    {
      "id": 255, 
      "text": "RT @CommonWhiteGirI: the new Stranger Things commercial looks so good!!! https://t.co/9cWLOhLlbx", 
      "user_location": null, 
      "coordinates": null
    }, 
    {
      "id": 256, 
      "text": "RT @KardashianReact: the new Stranger Things commercial looks so good!!! https://t.co/Hnin4iPF0Q", 
      "user_location": null, 
      "coordinates": null
    }, 
    {
      "id": 257, 
      "text": "RT @SoDamnTrue: the new Stranger Things commercial looks so good!!! https://t.co/8pjnIr6SEk", 
      "user_location": null, 
      "coordinates": null
    }, 
    {
      "id": 258, 
      "text": "RT @KardashianReact: the new Stranger Things commercial looks so good!!! https://t.co/Hnin4iPF0Q", 
      "user_location": "tx", 
      "coordinates": null
    }, 
    {
      "id": 259, 
      "text": "RT @1Lcampesino: Wow incredible the Simpsons predicted the Betsy DeVos confirmation years before it happened https://t.co/U6hEdI3TMh", 
      "user_location": "Henderson, NV", 
      "coordinates": null
    }, 
    {
      "id": 260, 
      "text": "Breaking Bad New on Ebay: Breaking Bad: The Complete First Season DVD https://t.co/yNTFsEr9hv https://t.co/eAaDC0LS41", 
      "user_location": null, 
      "coordinates": null
    }, 
    {
      "id": 261, 
      "text": "dang Pete DeBoer looked like a real-life version of Ol' Gil from The Simpsons on that reaction shot", 
      "user_location": "Atlanta", 
      "coordinates": null
    }, 
    {
      "id": 262, 
      "text": "RT @CINEMAGEMS: \u201cCity of stars, there's so much that I can't see.\u201d\n\nLa La Land (2016) https://t.co/uozFjjANnt", 
      "user_location": null, 
      "coordinates": null
    }, 
    {
      "id": 263, 
      "text": "@Kininjam something from Westworld (which you should watch)", 
      "user_location": "Marlboro NJ", 
      "coordinates": null
    }, 
    {
      "id": 264, 
      "text": "RT @rachelysanders: [La La Land wins oscars instead of other movies]\n\nme: SEE YOU IN COURT", 
      "user_location": "Philadelphia, PA", 
      "coordinates": null
    }, 
    {
      "id": 265, 
      "text": "RT @HotTopic: 'Stranger Things 2': Who's in Danger? Who's New? The Plot Revealed! https://t.co/oyRfJlflo0 via @ew", 
      "user_location": null, 
      "coordinates": null
    }, 
    {
      "id": 266, 
      "text": "@villamaria_uk #VillaMariaMovies \n\ud83d\ude4bLA LA Land is a sincere and heartfelt attempt to recapture the magic of a bygone\u2026 https://t.co/TdEQWNo4Sj", 
      "user_location": null, 
      "coordinates": null
    }, 
    {
      "id": 267, 
      "text": "RT @itsSTquotes: STRANGER THINGS SEASON 2 TRAILER https://t.co/tREkezYnSO", 
      "user_location": "Oakland, CA", 
      "coordinates": null
    }, 
    {
      "id": 268, 
      "text": "RT @chanelpuke: the new Stranger Things commercial looks so good!!! https://t.co/NruTSHgJza", 
      "user_location": "De Soto, Wisconsin", 
      "coordinates": null
    }, 
    {
      "id": 269, 
      "text": "RT @KardashianReact: the new Stranger Things commercial looks so good!!! https://t.co/Hnin4iPF0Q", 
      "user_location": "Long Island\u2661", 
      "coordinates": null
    }, 
    {
      "id": 270, 
      "text": "RT @DANClNGTO: TYLER DANCING TO STRANGER THINGS THEME SONG https://t.co/HuSfVAPAdt", 
      "user_location": null, 
      "coordinates": null
    }, 
    {
      "id": 271, 
      "text": "RT @KardashianReact: the new Stranger Things commercial looks so good!!! https://t.co/Hnin4iPF0Q", 
      "user_location": "Pennsylvania, USA", 
      "coordinates": null
    }, 
    {
      "id": 272, 
      "text": "La La Land lived up to the hype btw", 
      "user_location": "Plymouth, England", 
      "coordinates": null
    }, 
    {
      "id": 273, 
      "text": "RT @Dory: the new Stranger Things commercial looks so good!!! https://t.co/Pp6D2wxnlt", 
      "user_location": "Allen, TX", 
      "coordinates": null
    }, 
    {
      "id": 274, 
      "text": "The Walking Dead: Season 6 Limited Edition [Blu-ray] https://t.co/aFFfFKRBNY #TheWalkingDead #shop https://t.co/Gv7nRFsuqD", 
      "user_location": null, 
      "coordinates": null
    }, 
    {
      "id": 275, 
      "text": "RT @SoDamnTrue: the new Stranger Things commercial looks so good!!! https://t.co/8pjnIr6SEk", 
      "user_location": null, 
      "coordinates": null
    }, 
    {
      "id": 276, 
      "text": "RT @bestofsthings: New stills of season two (stranger things). https://t.co/0gsOLM2cRg", 
      "user_location": "they | them", 
      "coordinates": null
    }, 
    {
      "id": 277, 
      "text": "RT @HilariousEdited: the new Stranger Things commercial looks so good!!! https://t.co/XWd4AT3gK8", 
      "user_location": null, 
      "coordinates": null
    }, 
    {
      "id": 278, 
      "text": "RT @KardashianReact: the new Stranger Things commercial looks so good!!! https://t.co/Hnin4iPF0Q", 
      "user_location": null, 
      "coordinates": null
    }, 
    {
      "id": 279, 
      "text": "#follow Sneaky Pete Band MD @SneakyPeteMD", 
      "user_location": "Melbourne, AU", 
      "coordinates": null
    }, 
    {
      "id": 280, 
      "text": "RT @itsdougthepug: Stranger Pugs &gt; Stranger Things https://t.co/l0D0S2pDs7", 
      "user_location": "city of stars", 
      "coordinates": null
    }, 
    {
      "id": 281, 
      "text": "RT @SoDamnTrue: the new Stranger Things commercial looks so good!!! https://t.co/8pjnIr6SEk", 
      "user_location": "Magnolia, TX\u27a1\ufe0fOdessa, TX", 
      "coordinates": null
    }, 
    {
      "id": 282, 
      "text": "RT @KardashianReact: the new Stranger Things commercial looks so good!!! https://t.co/Hnin4iPF0Q", 
      "user_location": null, 
      "coordinates": null
    }, 
    {
      "id": 283, 
      "text": "RT @DANClNGTO: TYLER DANCING TO STRANGER THINGS THEME SONG https://t.co/HuSfVAPAdt", 
      "user_location": null, 
      "coordinates": null
    }, 
    {
      "id": 284, 
      "text": "RT @HilariousEdited: the new Stranger Things commercial looks so good!!! https://t.co/XWd4AT3gK8", 
      "user_location": "Texas, USA", 
      "coordinates": null
    }, 
    {
      "id": 285, 
      "text": "RT @TheWeirdWorld: The baby in The Walking Dead cries the least out of all the characters.", 
      "user_location": "Kingston, Ontario", 
      "coordinates": null
    }, 
    {
      "id": 286, 
      "text": "RT @blackvoices: 'Hidden Figures' has now earned more money in the U.S. than 'La La Land' \ud83d\ude4c\ud83c\udffe https://t.co/FjBoZXYj4s https://t.co/oS3nW8XUer", 
      "user_location": "Paris, France", 
      "coordinates": null
    }, 
    {
      "id": 287, 
      "text": "RT @blackvoices: 'Hidden Figures' has now earned more money in the U.S. than 'La La Land' \ud83d\ude4c\ud83c\udffe https://t.co/FjBoZXYj4s https://t.co/oS3nW8XUer", 
      "user_location": "Paris, France", 
      "coordinates": null
    }, 
    {
      "id": 288, 
      "text": "Orphan Black, Orange Is The New Black, Stranger Things, The OA, Prison Break las estoy esperandooo #netflix", 
      "user_location": "Ramos Mej\u00eda", 
      "coordinates": null
    }, 
    {
      "id": 289, 
      "text": "RT @SoDamnTrue: the new Stranger Things commercial looks so good!!! https://t.co/8pjnIr6SEk", 
      "user_location": null, 
      "coordinates": null
    }, 
    {
      "id": 290, 
      "text": "RT @chanelpuke: the new Stranger Things commercial looks so good!!! https://t.co/NruTSHgJza", 
      "user_location": "Climax-Scotts ", 
      "coordinates": null
    }, 
    {
      "id": 291, 
      "text": "RT @bestofsthings: New stills of season two (stranger things). https://t.co/0gsOLM2cRg", 
      "user_location": "ace lesbian she/her 20 british", 
      "coordinates": null
    }, 
    {
      "id": 292, 
      "text": "@RussellTheDrive Not unless they can start filming a Breaking Bad spinoff there", 
      "user_location": null, 
      "coordinates": null
    }, 
    {
      "id": 293, 
      "text": "I'm saddened that I can truly say that I HATE this season of The Bachelor. I knew Nick was going to be horrible! Love who he picks though \ud83d\ude0d\ud83d\ude0d", 
      "user_location": "5280", 
      "coordinates": null
    }, 
    {
      "id": 294, 
      "text": "*watches one episode of breaking bad* https://t.co/j7aW8TSSrC", 
      "user_location": null, 
      "coordinates": null
    }, 
    {
      "id": 295, 
      "text": "RT @rachelysanders: [La La Land wins oscars instead of other movies]\n\nme: SEE YOU IN COURT", 
      "user_location": "F L O R I D A", 
      "coordinates": null
    }, 
    {
      "id": 296, 
      "text": "im about to watch la la land again", 
      "user_location": "spidermanfaker", 
      "coordinates": null
    }, 
    {
      "id": 297, 
      "text": "RT @KardashianReact: the new Stranger Things commercial looks so good!!! https://t.co/Hnin4iPF0Q", 
      "user_location": "mitchell ", 
      "coordinates": null
    }, 
    {
      "id": 298, 
      "text": "@ShatOnTV @Louis_Herthum He's a lovely human being. I'm grateful Westworld introduced him to me, as a fan.", 
      "user_location": "http://supernaturalbhrp.weebly", 
      "coordinates": null
    }, 
    {
      "id": 299, 
      "text": "I'm watching \"Modern Family\" and earning great rewards from #ViggleTV \n#viggle #modern family", 
      "user_location": "Madison Wi", 
      "coordinates": null
    }, 
    {
      "id": 300, 
      "text": "RT @CommonWhiteGirI: the new Stranger Things commercial looks so good!!! https://t.co/9cWLOhLlbx", 
      "user_location": "Virginia, USA", 
      "coordinates": null
    }, 
    {
      "id": 301, 
      "text": "RT @SoDamnTrue: the new Stranger Things commercial looks so good!!! https://t.co/8pjnIr6SEk", 
      "user_location": null, 
      "coordinates": null
    }, 
    {
      "id": 302, 
      "text": "RT @billyeichner: PUT THE STRANGER THINGS KIDS ON THE SUPREME COURT", 
      "user_location": "Tatooine", 
      "coordinates": null
    }, 
    {
      "id": 303, 
      "text": "Westworld - T01E10 - The Bicameral Mind\nhttps://t.co/2XP6TBIrvo https://t.co/6XLtDMusXQ", 
      "user_location": " Marabilia, Camp Half-Blood", 
      "coordinates": null
    }, 
    {
      "id": 304, 
      "text": "I can't get enough of modern family", 
      "user_location": null, 
      "coordinates": null
    }, 
    {
      "id": 305, 
      "text": "RT @bestofsthings: New stills of season two (stranger things). https://t.co/0gsOLM2cRg", 
      "user_location": "david", 
      "coordinates": null
    }, 
    {
      "id": 306, 
      "text": "RT @chanelpuke: the new Stranger Things commercial looks so good!!! https://t.co/NruTSHgJza", 
      "user_location": null, 
      "coordinates": null
    }, 
    {
      "id": 307, 
      "text": "Tonight at 10: Is this a real life case of how to get away with murder? We travel across two states searching for a\u2026 https://t.co/iHDyAuwgu2", 
      "user_location": "Memphis, TN", 
      "coordinates": null
    }, 
    {
      "id": 308, 
      "text": "Greg Nicotero Rules On Possibility Of Daryl-Jesus Romance On \u2018The Walking Dead\u2019 https://t.co/b69Sto0WIj https://t.co/V4K8emQrbe", 
      "user_location": "Los Angeles, CA", 
      "coordinates": null
    }, 
    {
      "id": 309, 
      "text": "RT @Dory: the new Stranger Things commercial looks so good!!! https://t.co/Pp6D2wxnlt", 
      "user_location": null, 
      "coordinates": null
    }, 
    {
      "id": 310, 
      "text": "RT @KardashianReact: the new Stranger Things commercial looks so good!!! https://t.co/Hnin4iPF0Q", 
      "user_location": null, 
      "coordinates": null
    }, 
    {
      "id": 311, 
      "text": "RT @1Lcampesino: Wow incredible the Simpsons predicted the Betsy DeVos confirmation years before it happened https://t.co/U6hEdI3TMh", 
      "user_location": "gone", 
      "coordinates": null
    }, 
    {
      "id": 312, 
      "text": "RT @SoDamnTrue: the new Stranger Things commercial looks so good!!! https://t.co/8pjnIr6SEk", 
      "user_location": "Miami, FL", 
      "coordinates": null
    }, 
    {
      "id": 313, 
      "text": "@KINGOFMAGICCITY @Imavirtue Bru u can't call temp that! She won an Oscar for hidden figures... she not taking this shyt of you!", 
      "user_location": "Atl GA--Bham AL", 
      "coordinates": null
    }, 
    {
      "id": 314, 
      "text": "RT @KardashianReact: the new Stranger Things commercial looks so good!!! https://t.co/Hnin4iPF0Q", 
      "user_location": "Sun City", 
      "coordinates": null
    }, 
    {
      "id": 315, 
      "text": "RT @furcoatmami: Wow the new Stranger Things commercial looks so good!!! https://t.co/FmYDh2xNmi", 
      "user_location": null, 
      "coordinates": null
    }, 
    {
      "id": 316, 
      "text": "Just started Stranger Things... I'm a little slow.", 
      "user_location": "I am here", 
      "coordinates": null
    }, 
    {
      "id": 317, 
      "text": "RT @SoDamnTrue: the new Stranger Things commercial looks so good!!! https://t.co/8pjnIr6SEk", 
      "user_location": "yewta", 
      "coordinates": null
    }, 
    {
      "id": 318, 
      "text": "RT @chanelpuke: the new Stranger Things commercial looks so good!!! https://t.co/NruTSHgJza", 
      "user_location": "Emmitsburg, MD", 
      "coordinates": null
    }, 
    {
      "id": 319, 
      "text": "RT @KardashianReact: the new Stranger Things commercial looks so good!!! https://t.co/Hnin4iPF0Q", 
      "user_location": "natty filled raddy ", 
      "coordinates": null
    }, 
    {
      "id": 320, 
      "text": "RT @KardashianReact: the new Stranger Things commercial looks so good!!! https://t.co/Hnin4iPF0Q", 
      "user_location": "scotland but i love vegas more", 
      "coordinates": null
    }, 
    {
      "id": 321, 
      "text": "RT @bestofsthings: New stills of season two (stranger things). https://t.co/0gsOLM2cRg", 
      "user_location": "Vancouver, WA", 
      "coordinates": null
    }, 
    {
      "id": 322, 
      "text": "RT @mckenziesdead: I absolutely CANNOT WAIT for Stranger Things season 2... Until... HALLOWEEN...", 
      "user_location": "Ohio, USA", 
      "coordinates": null
    }, 
    {
      "id": 323, 
      "text": "RT @KardashianReact: the new Stranger Things commercial looks so good!!! https://t.co/Hnin4iPF0Q", 
      "user_location": null, 
      "coordinates": null
    }, 
    {
      "id": 324, 
      "text": "Stranger Things star Shannon Purser admits she used to self-harm as she battled depression in candid new interview https://t.co/k8VMw0Bd2R", 
      "user_location": null, 
      "coordinates": null
    }, 
    {
      "id": 325, 
      "text": "RT @maiajannele: Me if La La Land wins Best Picture https://t.co/PBvCXfTcbQ", 
      "user_location": "Seattle, WA", 
      "coordinates": null
    }, 
    {
      "id": 326, 
      "text": "RT @KardashianReact: the new Stranger Things commercial looks so good!!! https://t.co/Hnin4iPF0Q", 
      "user_location": "CSUF", 
      "coordinates": null
    }, 
    {
      "id": 327, 
      "text": "RT @itsdougthepug: Stranger Pugs &gt; Stranger Things https://t.co/l0D0S2pDs7", 
      "user_location": "Edinburg/Austin, TX", 
      "coordinates": null
    }, 
    {
      "id": 328, 
      "text": "RT @AstrologyOnIy: the signs as the walking dead characters\n\nsagittarius \u2650\ufe0f \u2022 sasha https://t.co/A1yhXxU67N", 
      "user_location": "Searching...", 
      "coordinates": null
    }, 
    {
      "id": 329, 
      "text": "RT @SoDamnTrue: the new Stranger Things commercial looks so good!!! https://t.co/8pjnIr6SEk", 
      "user_location": null, 
      "coordinates": null
    }, 
    {
      "id": 330, 
      "text": "I rated Manchester by the Sea (2016) 9/10  #IMDb https://t.co/APMNHCo35Q", 
      "user_location": "Al Khobar, Kingdom of Saudi Arabia", 
      "coordinates": null
    }, 
    {
      "id": 331, 
      "text": "RT @faithf96: Nick from the bachelor is the guy that ignores you the whole night at the party but then texts you after you leave asking wha\u2026", 
      "user_location": null, 
      "coordinates": null
    }, 
    {
      "id": 332, 
      "text": "RT @chanelpuke: the new Stranger Things commercial looks so good!!! https://t.co/NruTSHgJza", 
      "user_location": "a one direction concert", 
      "coordinates": null
    }, 
    {
      "id": 333, 
      "text": ".@Melumebelle yup! I think it is true of all Netflix shows, as is discussed in the article, but especially of this and Stranger Things.", 
      "user_location": "Windsor, Ontario", 
      "coordinates": null
    }, 
    {
      "id": 334, 
      "text": "RT @billyeichner: PUT THE STRANGER THINGS KIDS ON THE SUPREME COURT", 
      "user_location": null, 
      "coordinates": null
    }, 
    {
      "id": 335, 
      "text": "RT @DANClNGTO: TYLER DANCING TO STRANGER THINGS THEME SONG https://t.co/HuSfVAPAdt", 
      "user_location": "probably writing ", 
      "coordinates": null
    }, 
    {
      "id": 336, 
      "text": "@GMWFollowHelp walking dead", 
      "user_location": "SF", 
      "coordinates": null
    }, 
    {
      "id": 337, 
      "text": "RT @billyeichner: PUT THE STRANGER THINGS KIDS ON THE SUPREME COURT", 
      "user_location": null, 
      "coordinates": null
    }, 
    {
      "id": 338, 
      "text": "RT @KardashianReact: the new Stranger Things commercial looks so good!!! https://t.co/Hnin4iPF0Q", 
      "user_location": "prob not on twitter ", 
      "coordinates": null
    }, 
    {
      "id": 339, 
      "text": "Catching up on the bachelor and this seasons CRAZY", 
      "user_location": null, 
      "coordinates": null
    }, 
    {
      "id": 340, 
      "text": "RT @KelseaOnTour: Kelsea is \"needing\" a new season of Stranger Things..and we can relate. (@accesshollywood) https://t.co/DJ3K1Njlmh https:\u2026", 
      "user_location": null, 
      "coordinates": null
    }, 
    {
      "id": 341, 
      "text": "RT @HilariousEdited: the new Stranger Things commercial looks so good!!! https://t.co/XWd4AT3gK8", 
      "user_location": null, 
      "coordinates": null
    }, 
    {
      "id": 342, 
      "text": "RT @KardashianReact: the new Stranger Things commercial looks so good!!! https://t.co/Hnin4iPF0Q", 
      "user_location": "Athens, GA", 
      "coordinates": null
    }, 
    {
      "id": 343, 
      "text": "RT @HQ_TWD: The Walking Dead New Sneak Peek of S7 Ep09 \u201cRock in the Road\u201d #thewalkingdead #sneakpeek #twdseason7B https://t.co/uz4FX1Ctzg", 
      "user_location": "BRASIL", 
      "coordinates": null
    }, 
    {
      "id": 344, 
      "text": "RT @chanelpuke: the new Stranger Things commercial looks so good!!! https://t.co/NruTSHgJza", 
      "user_location": "Spartanburg, SC", 
      "coordinates": null
    }, 
    {
      "id": 345, 
      "text": "RT @DANClNGTO: TYLER DANCING TO STRANGER THINGS THEME SONG https://t.co/HuSfVAPAdt", 
      "user_location": "Panam\u00e1", 
      "coordinates": null
    }, 
    {
      "id": 346, 
      "text": "RT @CommonWhiteGirI: the new Stranger Things commercial looks so good!!! https://t.co/9cWLOhLlbx", 
      "user_location": "East Carolina", 
      "coordinates": null
    }, 
    {
      "id": 347, 
      "text": "@KickstartMeFast In honor of my dad who past away 6.26.15 trying to getThe Walking Dead @RobertKirkman\u2026 https://t.co/sTEQNFujnk", 
      "user_location": "Georgia ", 
      "coordinates": null
    }, 
    {
      "id": 348, 
      "text": "RT @MrGingerSNAP: After re-watching Stranger Things, I've realized I am more upset about Benny than I am about Barb. \ud83d\ude22 https://t.co/09LbMQF\u2026", 
      "user_location": null, 
      "coordinates": null
    }, 
    {
      "id": 349, 
      "text": "RT @1Lcampesino: Wow incredible the Simpsons predicted the Betsy DeVos confirmation years before it happened https://t.co/U6hEdI3TMh", 
      "user_location": null, 
      "coordinates": null
    }, 
    {
      "id": 350, 
      "text": "RT @SoDamnTrue: the new Stranger Things commercial looks so good!!! https://t.co/8pjnIr6SEk", 
      "user_location": null, 
      "coordinates": null
    }, 
    {
      "id": 351, 
      "text": "@projectofdms Scream, Skins e Stranger Things", 
      "user_location": "na casa do caralho  ", 
      "coordinates": null
    }, 
    {
      "id": 352, 
      "text": "RT @STScenes: me watching the stranger things 2 trailer https://t.co/90yedl1WoE", 
      "user_location": "Hooksett, NH", 
      "coordinates": null
    }, 
    {
      "id": 353, 
      "text": "RT @suicquad: mike and eleven | stranger things\n\n- friends\n- true and pure love\n- they trust and protect each other\n- still pretty https://\u2026", 
      "user_location": null, 
      "coordinates": null
    }, 
    {
      "id": 354, 
      "text": "RT @beautifulcelebz: RT for Mia Dolan (La La Land) \nLIKE for Anastasia Steele (Fifty Shades Darker) https://t.co/4iLK9P6qGV", 
      "user_location": null, 
      "coordinates": null
    }, 
    {
      "id": 355, 
      "text": "RT @BASSicallyB: @KINGOFMAGICCITY @Imavirtue Bru u can't call temp that! She won an Oscar for hidden figures... she not taking this shyt of\u2026", 
      "user_location": "Iraq", 
      "coordinates": null
    }, 
    {
      "id": 356, 
      "text": "@realDonaldTrump Law and order SVU cameo inbound?", 
      "user_location": "A place", 
      "coordinates": null
    }, 
    {
      "id": 357, 
      "text": "RT @sinbadbad: \"Hidden Figures\" has now earned more money in the U.S. than \"La La Land\" https://t.co/l2GTincqPu via @HuffPostEnt \nYOU GO LA\u2026", 
      "user_location": "Black Lives Matter City", 
      "coordinates": null
    }, 
    {
      "id": 358, 
      "text": "RT @sinbadbad: \"Hidden Figures\" has now earned more money in the U.S. than \"La La Land\" https://t.co/l2GTincqPu via @HuffPostEnt \nYOU GO LA\u2026", 
      "user_location": "Black Lives Matter City", 
      "coordinates": null
    }, 
    {
      "id": 359, 
      "text": "RT @rachelysanders: [La La Land wins oscars instead of other movies]\n\nme: SEE YOU IN COURT", 
      "user_location": null, 
      "coordinates": null
    }, 
    {
      "id": 360, 
      "text": "RT @Dory: the new Stranger Things commercial looks so good!!! https://t.co/Pp6D2wxnlt", 
      "user_location": "Minnesota, USA", 
      "coordinates": null
    }, 
    {
      "id": 361, 
      "text": "RT @ryderwatts: Stranger Things S1:E7 \"Chapter Seven: The Bathtub\" https://t.co/lr5XQorfCb", 
      "user_location": "@ the coven w/ sarah & lily", 
      "coordinates": null
    }, 
    {
      "id": 362, 
      "text": "dr. brenner (stranger things)\n- you? you can CHOKE\n- hurt el :((\n- you manipulative rat https://t.co/ql69FNERDk", 
      "user_location": null, 
      "coordinates": null
    }, 
    {
      "id": 363, 
      "text": "RT @DANClNGTO: TYLER DANCING TO STRANGER THINGS THEME SONG https://t.co/HuSfVAPAdt", 
      "user_location": "brazil", 
      "coordinates": null
    }, 
    {
      "id": 364, 
      "text": "RT @KardashianReact: the new Stranger Things commercial looks so good!!! https://t.co/Hnin4iPF0Q", 
      "user_location": "Houston, TX / San Marcos, TX", 
      "coordinates": null
    }, 
    {
      "id": 365, 
      "text": "RT @KardashianReact: the new Stranger Things commercial looks so good!!! https://t.co/Hnin4iPF0Q", 
      "user_location": null, 
      "coordinates": null
    }, 
    {
      "id": 366, 
      "text": "RT @billyeichner: PUT THE STRANGER THINGS KIDS ON THE SUPREME COURT", 
      "user_location": "hellertown, pa", 
      "coordinates": null
    }, 
    {
      "id": 367, 
      "text": "RT @HilariousEdited: the new Stranger Things commercial looks so good!!! https://t.co/XWd4AT3gK8", 
      "user_location": "Houston, TX", 
      "coordinates": null
    }, 
    {
      "id": 368, 
      "text": "Tv\ni'm only following Taboo atm,\nBand of brothers  sometimes brings some tears in my eyes \ud83d\ude02\ud83d\ude02\nSherlock\nWestworld\nNarcos\nThe crown", 
      "user_location": "Tanta , Milky Way", 
      "coordinates": null
    }, 
    {
      "id": 369, 
      "text": "RT @lifter4fun: The Simpsons jumped the shark years ago.\nIt's dead to me. https://t.co/iWUSGMeMZM", 
      "user_location": "Wisconsin", 
      "coordinates": null
    }, 
    {
      "id": 370, 
      "text": "stranger things wya", 
      "user_location": "TX ", 
      "coordinates": null
    }, 
    {
      "id": 371, 
      "text": "RT @beautfilms: Stranger Things (2016) https://t.co/5xRn5rztbw", 
      "user_location": "Outer Space\u2606", 
      "coordinates": null
    }, 
    {
      "id": 372, 
      "text": "RT @DANClNGTO: TYLER DANCING TO STRANGER THINGS THEME SONG https://t.co/HuSfVAPAdt", 
      "user_location": null, 
      "coordinates": null
    }, 
    {
      "id": 373, 
      "text": "RT @SoDamnTrue: the new Stranger Things commercial looks so good!!! https://t.co/8pjnIr6SEk", 
      "user_location": null, 
      "coordinates": null
    }, 
    {
      "id": 374, 
      "text": "Why did no one tell me stranger things was so heart wrenching....?", 
      "user_location": "716", 
      "coordinates": null
    }, 
    {
      "id": 375, 
      "text": "Stranger Things 2 | Super Bowl 2017 Ad | Netflix #COAC2017P19 https://t.co/vtZMFksTRn", 
      "user_location": "Espa\u00f1ist\u00e1n del Norte", 
      "coordinates": null
    }, 
    {
      "id": 376, 
      "text": "The Walking Dead saison 7 episode 09 VOSTFr https://t.co/xGMbb3g8C8", 
      "user_location": null, 
      "coordinates": null
    }, 
    {
      "id": 377, 
      "text": "RT @SoDamnTrue: the new Stranger Things commercial looks so good!!! https://t.co/8pjnIr6SEk", 
      "user_location": null, 
      "coordinates": null
    }, 
    {
      "id": 378, 
      "text": "4 Bankrupts in that round? I guess Stranger Things Have Happened. #WheelOfFortune https://t.co/KlJ3It0Dfd", 
      "user_location": null, 
      "coordinates": null
    }, 
    {
      "id": 379, 
      "text": "Stranger Things finished. Holiday shopping done.", 
      "user_location": "Chalgrove, England", 
      "coordinates": null
    }, 
    {
      "id": 380, 
      "text": "name am uglier cast than the stranger things cast i'll wait", 
      "user_location": "pricefield & beronica", 
      "coordinates": null
    }, 
    {
      "id": 381, 
      "text": "That last pic is from Walking Dead? No? https://t.co/zFV0SIBOz2", 
      "user_location": "Corner of BBQ & Crime", 
      "coordinates": null
    }, 
    {
      "id": 382, 
      "text": "RT @DANClNGTO: TYLER DANCING TO STRANGER THINGS THEME SONG https://t.co/HuSfVAPAdt", 
      "user_location": "+lore is my other half+", 
      "coordinates": null
    }, 
    {
      "id": 383, 
      "text": "@KTvp @Zen_MacLellan Zen doesn't believe in highs and lows or the Bachelor... \ud83d\ude44", 
      "user_location": "Waterloo, Ontario", 
      "coordinates": null
    }, 
    {
      "id": 384, 
      "text": "I haven't seen la la land but city of stars is so fucking good", 
      "user_location": "New York, USA", 
      "coordinates": null
    }, 
    {
      "id": 385, 
      "text": "One of the best TV shows for teen @ Netflix, Stranger Things #festa #adolescente #jooyp #jooyapp\u2026 https://t.co/GJekPjy2VT", 
      "user_location": "Sao Paulo, Brazil", 
      "coordinates": null
    }, 
    {
      "id": 386, 
      "text": "RT @Dory: the new Stranger Things commercial looks so good!!! https://t.co/Pp6D2wxnlt", 
      "user_location": null, 
      "coordinates": null
    }, 
    {
      "id": 387, 
      "text": "RT @chanelpuke: the new Stranger Things commercial looks so good!!! https://t.co/NruTSHgJza", 
      "user_location": "Aberdream", 
      "coordinates": null
    }, 
    {
      "id": 388, 
      "text": "I liked a @YouTube video from @epicvoiceguy https://t.co/davounjMFh WINONA REACTS to STRANGER THINGS 2", 
      "user_location": "San Francisco,California", 
      "coordinates": null
    }, 
    {
      "id": 389, 
      "text": "RT @CommonWhiteGirI: the new Stranger Things commercial looks so good!!! https://t.co/9cWLOhLlbx", 
      "user_location": "South Jersey", 
      "coordinates": null
    }, 
    {
      "id": 390, 
      "text": "RT @SoDamnTrue: the new Stranger Things commercial looks so good!!! https://t.co/8pjnIr6SEk", 
      "user_location": "Flavortown, USA", 
      "coordinates": null
    }, 
    {
      "id": 391, 
      "text": "RT @Dory: the new Stranger Things commercial looks so good!!! https://t.co/Pp6D2wxnlt", 
      "user_location": "Bikini Bottom", 
      "coordinates": null
    }, 
    {
      "id": 392, 
      "text": "RT @IndieWire: #HiddenFigures has earned $119.4 million; it passes \"La La Land\" to be the year's highest grossing Oscar nominee\u2026 ", 
      "user_location": null, 
      "coordinates": null
    }, 
    {
      "id": 393, 
      "text": "RT @milduhh: most worried ive seen corinne on the bachelor is when she couldnt open her champagne in the tub&amp;idk if ive related to anyones\u2026", 
      "user_location": "University of Arizona ", 
      "coordinates": null
    }, 
    {
      "id": 394, 
      "text": "Queria saber qnd a Netflix vai atualizar the walking dead logo \ud83d\ude44\ud83d\ude44", 
      "user_location": null, 
      "coordinates": null
    }, 
    {
      "id": 395, 
      "text": "RT @DragonflyJonez: If you wanna boycott Netflix and miss the Stranger Things kids dressed as Ghostbusters for Halloween go ahead and be a\u2026", 
      "user_location": "The Golden City - Wakanda", 
      "coordinates": null
    }, 
    {
      "id": 396, 
      "text": "@projectofdms E Stranger things", 
      "user_location": null, 
      "coordinates": null
    }, 
    {
      "id": 397, 
      "text": "RT @SoDamnTrue: the new Stranger Things commercial looks so good!!! https://t.co/8pjnIr6SEk", 
      "user_location": null, 
      "coordinates": null
    }, 
    {
      "id": 398, 
      "text": "RT @chanelpuke: the new Stranger Things commercial looks so good!!! https://t.co/NruTSHgJza", 
      "user_location": "Pittsburgh, PA", 
      "coordinates": null
    }, 
    {
      "id": 399, 
      "text": "RT @KardashianReact: the new Stranger Things commercial looks so good!!! https://t.co/Hnin4iPF0Q", 
      "user_location": null, 
      "coordinates": null
    }
  ], 
  "meta": {}
}